1.18(a) A vessel of volume $22.4 \mathrm{dm}^3$ contains $2.0 \mathrm{~mol} \mathrm{H}_2$ and $1.0 \mathrm{~mol} \mathrm{~N}_2$ at $273.15 \mathrm{~K}$. Calculate their total pressure.,2.5 $\mathrm{atm}$,4.0 $\mathrm{atm}$,3.5 $\mathrm{atm}$, 3.0$\mathrm{atm}$ ,D,scibench-atkins
"1.19(a) The critical constants of methane are $p_{\mathrm{c}}=45.6 \mathrm{~atm}, V_{\mathrm{c}}=98.7 \mathrm{~cm}^3 \mathrm{~mol}^{-1}$, and $T_{\mathrm{c}}=190.6 \mathrm{~K}$. Estimate the radius of the molecules.",0.098 $\mathrm{nm}$,0.150 $\mathrm{nm}$, 0.118$\mathrm{nm}$ ,0.200 $\mathrm{nm}$,C,scibench-atkins
"1.7(a) In an attempt to determine an accurate value of the gas constant, $R$, a student heated a container of volume $20.000 \mathrm{dm}^3$ filled with $0.25132 \mathrm{g}$ of helium gas to $500^{\circ} \mathrm{C}$ and measured the pressure as $206.402 \mathrm{cm}$ of water in a manometer at $25^{\circ} \mathrm{C}$. Calculate the value of $R$ from these data. (The density of water at $25^{\circ} \mathrm{C}$ is $0.99707 \mathrm{g} \mathrm{cm}^{-3}$; a manometer consists of a U-shaped tube containing a liquid. One side is connected to the apparatus and the other is open to the atmosphere. The pressure inside the apparatus is then determined from the difference in heights of the liquid.)",9.3147$\mathrm{JK}^{-1} \mathrm{~mol}^{-1}$,7.3147$\mathrm{JK}^{-1} \mathrm{~mol}^{-1}$,8.8147$\mathrm{JK}^{-1} \mathrm{~mol}^{-1}$, 8.3147$\mathrm{JK}^{-1} \mathrm{~mol}^{-1}$,D,scibench-atkins
"A car tyre (i.e. an automobile tire) was inflated to a pressure of $24 \mathrm{lb} \mathrm{in}^{-2}$ $(1.00 \mathrm{atm}=14.7 \mathrm{lb} \mathrm{in}^{-2})$ on a winter's day when the temperature was $-5^{\circ} \mathrm{C}$. What pressure will be found, assuming no leaks have occurred and that the volume is constant, on a subsequent summer's day when the temperature is $35^{\circ} \mathrm{C}$?",30$\mathrm{lb} \mathrm{in}^{-2}$,32$\mathrm{lb} \mathrm{in}^{-2}$,28$\mathrm{lb} \mathrm{in}^{-2}$,26$\mathrm{lb} \mathrm{in}^{-2}$,A,scibench-atkins
A certain gas obeys the van der Waals equation with $a=0.50 \mathrm{~m}^6 \mathrm{~Pa}$ $\mathrm{mol}^{-2}$. Its volume is found to be $5.00 \times 10^{-4} \mathrm{~m}^3 \mathrm{~mol}^{-1}$ at $273 \mathrm{~K}$ and $3.0 \mathrm{MPa}$. From this information calculate the van der Waals constant $b$. What is the compression factor for this gas at the prevailing temperature and pressure?,0.75,0.60, 0.66,0.82,C,scibench-atkins
A constant-volume perfect gas thermometer indicates a pressure of $6.69 \mathrm{kPa}$ at the triple point temperature of water (273.16 K). What change of pressure indicates a change of $1.00 \mathrm{~K}$ at the latter temperature?, 0.0245$\mathrm{kPa}$ ,0.0445$\mathrm{kPa}$,0.0145$\mathrm{kPa}$,0.0345$\mathrm{kPa}$,A,scibench-atkins
A constant-volume perfect gas thermometer indicates a pressure of $6.69 \mathrm{kPa}$ at the triple point temperature of water (273.16 K). What change of pressure indicates a change of $1.00 \mathrm{~K}$ at this temperature?,0.0127$\mathrm{kPa}$,0.0453$\mathrm{kPa}$, 0.0245$\mathrm{kPa}$ ,0.0332$\mathrm{kPa}$,C,scibench-atkins
A constant-volume perfect gas thermometer indicates a pressure of $6.69 \mathrm{kPa}$ at the triple point temperature of water (273.16 K). What pressure indicates a temperature of $100.00^{\circ} \mathrm{C}$?,7.89 $\mathrm{kPa}$,10.25 $\mathrm{kPa}$, 9.14$\mathrm{kPa}$ ,8.56 $\mathrm{kPa}$,C,scibench-atkins
A diving bell has an air space of $3.0 \mathrm{m}^3$ when on the deck of a boat. What is the volume of the air space when the bell has been lowered to a depth of $50 \mathrm{m}$? Take the mean density of sea water to be $1.025 \mathrm{g} \mathrm{cm}^{-3}$ and assume that the temperature is the same as on the surface.,1.5 $\text{m}^3$,2.0 $\text{m}^3$, 0.5$\text{m}^3$ ,2.5 $\text{m}^3$,C,scibench-atkins
A gas at $250 \mathrm{~K}$ and $15 \mathrm{~atm}$ has a molar volume 12 per cent smaller than that calculated from the perfect gas law. Calculate the compression factor under these conditions.,0.75,1.12,0.88 ,0.92,C,scibench-atkins
A gas at $250 \mathrm{~K}$ and $15 \mathrm{~atm}$ has a molar volume 12 per cent smaller than that calculated from the perfect gas law. Calculate the molar volume of the gas.,1.5$\mathrm{dm}^3 \mathrm{~mol}^{-1}$,0.8$\mathrm{dm}^3 \mathrm{~mol}^{-1}$, 1.2$\mathrm{dm}^3 \mathrm{~mol}^{-1}$ ,1.8$\mathrm{dm}^3 \mathrm{~mol}^{-1}$,C,scibench-atkins
"A manometer consists of a U-shaped tube containing a liquid. One side is connected to the apparatus and the other is open to the atmosphere. The pressure inside the apparatus is then determined from the difference in heights of the liquid. Suppose the liquid is water, the external pressure is 770 Torr, and the open side is $10.0 \mathrm{cm}$ lower than the side connected to the apparatus. What is the pressure in the apparatus? (The density of water at $25^{\circ} \mathrm{C}$ is $0.99707 \mathrm{g} \mathrm{cm}^{-3}$.)",115 $\mathrm{kPa}$,97 $\mathrm{kPa}$,85 $\mathrm{kPa}$, 102$\mathrm{kPa}$,D,scibench-atkins
"A perfect gas undergoes isothermal compression, which reduces its volume by $2.20 \mathrm{dm}^3$. The final pressure and volume of the gas are $5.04 \mathrm{bar}$ and $4.65 \mathrm{dm}^3$, respectively. Calculate the original pressure of the gas in atm.",4.96 $\mathrm{atm}$, 3.38$\mathrm{atm}$ ,2.81 $\mathrm{atm}$,1.74 $\mathrm{atm}$,B,scibench-atkins
"A perfect gas undergoes isothermal compression, which reduces its volume by $2.20 \mathrm{dm}^3$. The final pressure and volume of the gas are $5.04 \mathrm{bar}$ and $4.65 \mathrm{dm}^3$, respectively. Calculate the original pressure of the gas in bar.",2.85 $\mathrm{bar}$,6.05 $\mathrm{bar}$, 3.42$ \mathrm{bar}$,4.18 $\mathrm{bar}$,C,scibench-atkins
A sample of $255 \mathrm{mg}$ of neon occupies $3.00 \mathrm{dm}^3$ at $122 \mathrm{K}$. Use the perfect gas law to calculate the pressure of the gas.,$4.20 \times 10^{-2}$ $\text{atm}$,$5.27 \times 10^{-2}$ $\text{atm}$,$4.90 \times 10^{-2}$ $\text{atm}$,$3.15 \times 10^{-2}$ $\text{atm}$,A,scibench-atkins
"A scientist proposed the following equation of state:
$$
p=\frac{R T}{V_{\mathrm{m}}}-\frac{B}{V_{\mathrm{m}}^2}+\frac{C}{V_{\mathrm{m}}^3}
$$
Show that the equation leads to critical behaviour. Find the critical constants of the gas in terms of $B$ and $C$ and an expression for the critical compression factor.",$\frac{1}{4}$,$\frac{2}{3}$,$\frac{1}{3}$,$\frac{1}{2}$,C,scibench-atkins
"Assume all gases are perfect unless stated otherwise. Note that 1 atm = 1.013 25 bar. Unless otherwise stated, thermochemical data are for 298.15 K.
Silylene $\left(\mathrm{SiH}_2\right)$ is a key intermediate in the thermal decomposition of silicon hydrides such as silane $\left(\mathrm{SiH}_4\right)$ and disilane $\left(\mathrm{Si}_2 \mathrm{H}_6\right)$. Moffat et al. (J. Phys. Chem. 95, 145 (1991)) report $\Delta_{\mathrm{f}} H^{\ominus}\left(\mathrm{SiH}_2\right)=+274 \mathrm{~kJ} \mathrm{~mol}^{-1}$. If $\Delta_{\mathrm{f}} H^{\ominus}\left(\mathrm{SiH}_4\right)=+34.3 \mathrm{~kJ} \mathrm{~mol}^{-1}$ and $\Delta_{\mathrm{f}} H^{\ominus}\left(\mathrm{Si}_2 \mathrm{H}_6\right)=+80.3 \mathrm{~kJ} \mathrm{~mol}^{-1}$(CRC Handbook (2008)), compute the standard enthalpies of the following reaction:
$\mathrm{SiH}_4 (\mathrm{g}) \rightarrow \mathrm{SiH}_2(\mathrm{g})+\mathrm{H}_2(\mathrm{g})$",180$\mathrm{kJ} \mathrm{mol}^{-1}$,300$\mathrm{kJ} \mathrm{mol}^{-1}$,210$\mathrm{kJ} \mathrm{mol}^{-1}$, 240$\mathrm{kJ} \mathrm{mol}^{-1}$,D,scibench-atkins
"Assume all gases are perfect unless stated otherwise. Note that 1 atm = 1.013 25 bar. Unless otherwise stated, thermochemical data are for 298.15 K.
Silylene $\left(\mathrm{SiH}_2\right)$ is a key intermediate in the thermal decomposition of silicon hydrides such as silane $\left(\mathrm{SiH}_4\right)$ and disilane $\left(\mathrm{Si}_2 \mathrm{H}_6\right)$. Moffat et al. (J. Phys. Chem. 95, 145 (1991)) report $\Delta_{\mathrm{f}} H^{\ominus}\left(\mathrm{SiH}_2\right)=+274 \mathrm{~kJ} \mathrm{~mol}^{-1}$. If $\Delta_{\mathrm{f}} H^{\ominus}\left(\mathrm{SiH}_4\right)=+34.3 \mathrm{~kJ} \mathrm{~mol}^{-1}$ and $\Delta_{\mathrm{f}} H^{\ominus}\left(\mathrm{Si}_2 \mathrm{H}_6\right)=+80.3 \mathrm{~kJ} \mathrm{~mol}^{-1}$(CRC Handbook (2008)), compute the standard enthalpies of the following reaction:
$\mathrm{Si}_2 \mathrm{H}_6(\mathrm{g}) \rightarrow \mathrm{SiH}_2(\mathrm{g})+\mathrm{SiH}_4(\mathrm{g})$",275$\mathrm{kJ} \mathrm{mol}^{-1}$, 228$\mathrm{kJ} \mathrm{mol}^{-1}$,150$\mathrm{kJ} \mathrm{mol}^{-1}$,185$\mathrm{kJ} \mathrm{mol}^{-1}$,B,scibench-atkins
"Assume all gases are perfect unless stated otherwise. Note that 1 atm = 1.013 25 bar. Unless otherwise stated, thermochemical data are for 298.15 K. A sample consisting of $2.0 \mathrm{~mol} \mathrm{CO}_2$ occupies a fixed volume of $15.0 \mathrm{dm}^3$ at $300 \mathrm{~K}$. When it is supplied with $2.35 \mathrm{~kJ}$ of energy as heat its temperature increases to $341 \mathrm{~K}$. Assume that $\mathrm{CO}_2$ is described by the van der Waals equation of state, and calculate $\Delta H$.",+2.50$\text{kJ}$,+3.50$\text{kJ}$,+2.75$\text{kJ}$, +3.03$\text{kJ}$,D,scibench-atkins
"Assume all gases are perfect unless stated otherwise. Note that 1 atm = 1.013 25 bar. Unless otherwise stated, thermochemical data are for 298.15 K. A sample consisting of $2.0 \mathrm{~mol} \mathrm{CO}_2$ occupies a fixed volume of $15.0 \mathrm{dm}^3$ at $300 \mathrm{~K}$. When it is supplied with $2.35 \mathrm{~kJ}$ of energy as heat its temperature increases to $341 \mathrm{~K}$. Assume that $\mathrm{CO}_2$ is described by the van der Waals equation of state, and calculate $\Delta U$.",+2.35$\text{kJ}$,+1.85$\text{kJ}$,+3.25$\text{kJ}$,+2.85$\text{kJ}$,A,scibench-atkins
"Assume all gases are perfect unless stated otherwise. Note that 1 atm = 1.013 25 bar. Unless otherwise stated, thermochemical data are for 298.15 K. A sample consisting of $2.0 \mathrm{~mol} \mathrm{CO}_2$ occupies a fixed volume of $15.0 \mathrm{dm}^3$ at $300 \mathrm{~K}$. When it is supplied with $2.35 \mathrm{~kJ}$ of energy as heat its temperature increases to $341 \mathrm{~K}$. Assume that $\mathrm{CO}_2$ is described by the van der Waals equation of state, and calculate $w$.",+2.35 kJ,+1.17 kJ,-2.35 kJ, 0,D,scibench-atkins
"Assume all gases are perfect unless stated otherwise. Note that 1 atm = 1.013 25 bar. Unless otherwise stated, thermochemical data are for 298.15 K. An average human produces about $10 \mathrm{MJ}$ of heat each day through metabolic activity. Human bodies are actually open systems, and the main mechanism of heat loss is through the evaporation of water. What mass of water should be evaporated each day to maintain constant temperature?",2.5$\text{kg}$, 4.09$\text{kg}$ ,5.6$\text{kg}$,3.7$\text{kg}$,B,scibench-atkins
"Assume all gases are perfect unless stated otherwise. Note that 1 atm = 1.013 25 bar. Unless otherwise stated, thermochemical data are for 298.15 K. An average human produces about $10 \mathrm{MJ}$ of heat each day through metabolic activity. If a human body were an isolated system of mass $65 \mathrm{~kg}$ with the heat capacity of water, what temperature rise would the body experience?", +37$\text{K}$ ,+50$\text{K}$,+30$\text{K}$,+42$\text{K}$,A,scibench-atkins
"Assume all gases are perfect unless stated otherwise. Note that 1 atm = 1.013 25 bar. Unless otherwise stated, thermochemical data are for 298.15 K. Concerns over the harmful effects of chlorofluorocarbons on stratospheric ozone have motivated a search for new refrigerants. One such alternative is 2,2-dichloro-1,1,1-trifluoroethane (refrigerant 123). Younglove and McLinden published a compendium of thermophysical properties of this substance (J. Phys. Chem. Ref. Data 23, 7 (1994)), from which properties such as the Joule-Thomson coefficient $\mu$ can be computed. Compute $\mu$ at 1.00 bar and $50^{\circ} \mathrm{C}$ given that $(\partial H / \partial p)_T=-3.29 \times 10^3 \mathrm{~J} \mathrm{MPa}^{-1} \mathrm{~mol}^{-1}$ and $C_{p, \mathrm{~m}}=110.0 \mathrm{~J} \mathrm{~K}^{-1} \mathrm{~mol}^{-1}$.",26.7$\mathrm{K} \mathrm{MPa}^{-1}$,33.1$\mathrm{K} \mathrm{MPa}^{-1}$, 29.9$\mathrm{K} \mathrm{MPa}^{-1}$,31.5$\mathrm{K} \mathrm{MPa}^{-1}$,C,scibench-atkins
"Assume all gases are perfect unless stated otherwise. Note that 1 atm = 1.013 25 bar. Unless otherwise stated, thermochemical data are for 298.15 K. Concerns over the harmful effects of chlorofluorocarbons on stratospheric ozone have motivated a search for new refrigerants. One such alternative is 2,2-dichloro-1,1,1-trifluoroethane (refrigerant 123). Younglove and McLinden published a compendium of thermophysical properties of this substance (J. Phys. Chem. Ref. Data 23, 7 (1994)), from which properties such as the Joule-Thomson coefficient $\mu$ can be computed. Compute the temperature change that would accompany adiabatic expansion of $2.0 \mathrm{~mol}$ of this refrigerant from $1.5 \mathrm{bar}$ to 0.5 bar at $50^{\circ} \mathrm{C}$.",-5.50$\mathrm{K}$, -2.99$\mathrm{K}$,-1.25$\mathrm{K}$,-3.75$\mathrm{K}$,B,scibench-atkins
"Assume all gases are perfect unless stated otherwise. Note that 1 atm = 1.013 25 bar. Unless otherwise stated, thermochemical data are for 298.15 K. Take nitrogen to be a van der Waals gas with $a=1.352 \mathrm{dm}^6 \mathrm{~atm} \mathrm{\textrm {mol } ^ { - 2 }}$ and $b=0.0387 \mathrm{dm}^3 \mathrm{~mol}^{-1}$, and calculate $\Delta H_{\mathrm{m}}$ when the pressure on the gas is decreased from $500 \mathrm{~atm}$ to $1.00 \mathrm{~atm}$ at $300 \mathrm{~K}$. For a van der Waals gas, $\mu=\{(2 a / R T)-b\} / C_{p, \mathrm{~m}}$. Assume $C_{p, \mathrm{~m}}=\frac{7}{2} R$.",+1.75$\text{kJ}$, +3.60$\text{kJ}$ ,+6.25$\text{kJ}$,-2.15$\text{kJ}$,B,scibench-atkins
"Assume all gases are perfect unless stated otherwise. Note that 1 atm = 1.013 25 bar. Unless otherwise stated, thermochemical data are for 298.15 K. The constant-volume heat capacity of a gas can be measured by observing the decrease in temperature when it expands adiabatically and reversibly. If the decrease in pressure is also measured, we can use it to infer the value of $\gamma=C_p / C_V$ and hence, by combining the two values, deduce the constant-pressure heat capacity. A fluorocarbon gas was allowed to expand reversibly and adiabatically to twice its volume; as a result, the temperature fell from $298.15 \mathrm{~K}$ to $248.44 \mathrm{~K}$ and its pressure fell from $202.94 \mathrm{kPa}$ to $81.840 \mathrm{kPa}$. Evaluate $C_p$.",50.60$\mathrm{J} \mathrm{K}^{-1} \mathrm{~mol}^{-1}$,35.20$\mathrm{J} \mathrm{K}^{-1} \mathrm{~mol}^{-1}$,41.40$\mathrm{J} \mathrm{K}^{-1} \mathrm{~mol}^{-1}$,47.80$\mathrm{J} \mathrm{K}^{-1} \mathrm{~mol}^{-1}$,C,scibench-atkins
"Assume all gases are perfect unless stated otherwise. Note that 1 atm = 1.013 25 bar. Unless otherwise stated, thermochemical data are for 298.15 K. The standard enthalpy of formation of the metallocene bis(benzene)chromium was measured in a calorimeter. It was found for the reaction $\mathrm{Cr}\left(\mathrm{C}_6 \mathrm{H}_6\right)_2(\mathrm{~s}) \rightarrow \mathrm{Cr}(\mathrm{s})+2 \mathrm{C}_6 \mathrm{H}_6(\mathrm{~g})$ that $\Delta_{\mathrm{r}} U^{\bullet}(583 \mathrm{~K})=+8.0 \mathrm{~kJ} \mathrm{~mol}^{-1}$. Estimate the standard enthalpy of formation of the compound at $583 \mathrm{~K}$. The constant-pressure molar heat capacity of benzene is $136.1 \mathrm{~J} \mathrm{~K}^{-1} \mathrm{~mol}^{-1}$ in its liquid range and $81.67 \mathrm{~J} \mathrm{~K}^{-1} \mathrm{~mol}^{-1}$ as a gas.",+150.0$\mathrm{kJ} \mathrm{mol}^{-1}$,+102.5$\mathrm{kJ} \mathrm{mol}^{-1}$,+135.0$\mathrm{kJ} \mathrm{mol}^{-1}$, +116.0$\mathrm{kJ} \mathrm{mol}^{-1}$,D,scibench-atkins
"Assume all gases are perfect unless stated otherwise. Note that 1 atm = 1.013 25 bar. Unless otherwise stated, thermochemical data are for 298.15 K. The standard enthalpy of formation of the metallocene bis(benzene)chromium was measured in a calorimeter. It was found for the reaction $\mathrm{Cr}\left(\mathrm{C}_6 \mathrm{H}_6\right)_2(\mathrm{~s}) \rightarrow \mathrm{Cr}(\mathrm{s})+2 \mathrm{C}_6 \mathrm{H}_6(\mathrm{~g})$ that $\Delta_{\mathrm{r}} U^{\bullet}(583 \mathrm{~K})=+8.0 \mathrm{~kJ} \mathrm{~mol}^{-1}$. Find the corresponding reaction enthalpy and estimate the standard enthalpy of formation of the compound at $583 \mathrm{~K}$. The constant-pressure molar heat capacity of benzene is $136.1 \mathrm{~J} \mathrm{~K}^{-1} \mathrm{~mol}^{-1}$ in its liquid range and $81.67 \mathrm{~J} \mathrm{~K}^{-1} \mathrm{~mol}^{-1}$ as a gas.",$+12.8$$\mathrm{~kJ} \mathrm{~mol}^{-1}$,$+15.2$$\mathrm{~kJ} \mathrm{~mol}^{-1}$,$+17.7$$\mathrm{~kJ} \mathrm{~mol}^{-1}$ ,$+20.5$$\mathrm{~kJ} \mathrm{~mol}^{-1}$,C,scibench-atkins
"Assume all gases are perfect unless stated otherwise. Unless otherwise stated, thermodynamic data are for 298.15 K.  Given the reactions (1) and (2) below, determine $\Delta_{\mathrm{r}} H^{\ominus}$ for reaction (3).

(1) $\mathrm{H}_2(\mathrm{g})+\mathrm{Cl}_2(\mathrm{g}) \rightarrow 2 \mathrm{HCl}(\mathrm{g})$, $\Delta_{\mathrm{r}} H^{\ominus}=-184.62 \mathrm{~kJ} \mathrm{~mol}^{-1}$

(2) $2 \mathrm{H}_2(\mathrm{g})+\mathrm{O}_2(\mathrm{g}) \rightarrow 2 \mathrm{H}_2 \mathrm{O}(\mathrm{g})$, $\Delta_{\mathrm{r}} H^\ominus=-483.64 \mathrm{~kJ} \mathrm{~mol}^{-1}$

(3) $4 \mathrm{HCl}(\mathrm{g})+\mathrm{O}_2(\mathrm{g}) \rightarrow 2 \mathrm{Cl}_2(\mathrm{g})+2 \mathrm{H}_2 \mathrm{O}(\mathrm{g})$", -114.40$\text{kJ}$ ,-483.64$\text{kJ}$,-298.15$\text{kJ}$,-368.24$\text{kJ}$,A,scibench-atkins
"Assume all gases are perfect unless stated otherwise. Unless otherwise stated, thermodynamic data are for 298.15 K.  Given the reactions (1) and (2) below, determine $\Delta_{\mathrm{r}} U^{\ominus}$ for reaction (3).

(1) $\mathrm{H}_2(\mathrm{g})+\mathrm{Cl}_2(\mathrm{g}) \rightarrow 2 \mathrm{HCl}(\mathrm{g})$, $\Delta_{\mathrm{r}} H^{\ominus}=-184.62 \mathrm{~kJ} \mathrm{~mol}^{-1}$

(2) $2 \mathrm{H}_2(\mathrm{g})+\mathrm{O}_2(\mathrm{g}) \rightarrow 2 \mathrm{H}_2 \mathrm{O}(\mathrm{g})$, $\Delta_{\mathrm{r}} H^\ominus=-483.64 \mathrm{~kJ} \mathrm{~mol}^{-1}$

(3) $4 \mathrm{HCl}(\mathrm{g})+\mathrm{O}_2(\mathrm{g}) \rightarrow 2 \mathrm{Cl}_2(\mathrm{g})+2 \mathrm{H}_2 \mathrm{O}(\mathrm{g})$",-150.72$\mathrm{kJ} \mathrm{mol}^{-1}$, -111.92$\mathrm{kJ} \mathrm{mol}^{-1}$,-125.48$\mathrm{kJ} \mathrm{mol}^{-1}$,-200.36$\mathrm{kJ} \mathrm{mol}^{-1}$,B,scibench-atkins
"Assume all gases are perfect unless stated otherwise. Unless otherwise stated, thermodynamic data are for 298.15 K. A chemical reaction takes place in a container of cross-sectional area $100 \mathrm{~cm}^2$. As a result of the reaction, a piston is pushed out through $10 \mathrm{~cm}$ against an external pressure of $1.0 \mathrm{~atm}$. Calculate the work done by the system.",$-2.0 \times 10^2$$\mathrm{J}$,$-1.0 \times 10^2$$\mathrm{J}$,$-1.5 \times 10^2$$\mathrm{J}$,$-0.5 \times 10^2$$\mathrm{J}$,B,scibench-atkins
"Assume all gases are perfect unless stated otherwise. Unless otherwise stated, thermodynamic data are for 298.15 K. A sample of $4.50 \mathrm{~g}$ of methane occupies $12.7 \mathrm{dm}^3$ at $310 \mathrm{~K}$. Calculate the work done when the gas expands isothermally against a constant external pressure of 200 Torr until its volume has increased by
$3.3 \mathrm{dm}^3$.",$-88$$\mathrm{J}$ ,$-75$$\mathrm{J}$,$-95$$\mathrm{J}$,$-100$$\mathrm{J}$,A,scibench-atkins
"Assume all gases are perfect unless stated otherwise. Unless otherwise stated, thermodynamic data are for 298.15 K. A sample of $4.50 \mathrm{~g}$ of methane occupies $12.7 \mathrm{dm}^3$ at $310 \mathrm{~K}$. Calculate the work that would be done if the same expansion occurred reversibly.",$-180$$\mathrm{J}$,$-167$$\mathrm{J}$,$-190$$\mathrm{J}$,$-145$$\mathrm{J}$,B,scibench-atkins
"Assume all gases are perfect unless stated otherwise. Unless otherwise stated, thermodynamic data are for 298.15 K. A sample of carbon dioxide of mass $2.45 \mathrm{~g}$ at $27.0^{\circ} \mathrm{C}$ is allowed to expand reversibly and adiabatically from $500 \mathrm{~cm}^3$ to $3.00 \mathrm{dm}^3$. What is the work done by the gas?",-210 $\mathrm{~J}$,  -194$\mathrm{~J}$,-180 $\mathrm{~J}$,-205 $\mathrm{~J}$,B,scibench-atkins
"Assume all gases are perfect unless stated otherwise. Unless otherwise stated, thermodynamic data are for 298.15 K. A strip of magnesium of mass $15 \mathrm{~g}$ is placed in a beaker of dilute hydrochloric acid. Calculate the work done by the system as a result of the reaction. The atmospheric pressure is 1.0 atm and the temperature $25^{\circ} \mathrm{C}$.",$-1.0$$\text{kJ}$,$-1.5$$\text{kJ}$ ,$-2.0$$\text{kJ}$,$-2.5$$\text{kJ}$,B,scibench-atkins
"Assume all gases are perfect unless stated otherwise. Unless otherwise stated, thermodynamic data are for 298.15 K. Calculate the final pressure of a sample of carbon dioxide that expands reversibly and adiabatically from $57.4 \mathrm{kPa}$ and $1.0 \mathrm{dm}^3$ to a final volume of $2.0 \mathrm{dm}^3$. Take $\gamma=1.4$.",25$\text{kPA}$,15$\text{kPA}$, 22$\text{kPA}$,30$\text{kPA}$,C,scibench-atkins
"Assume all gases are perfect unless stated otherwise. Unless otherwise stated, thermodynamic data are for 298.15 K. Calculate the final temperature of a sample of argon of mass $12.0 \mathrm{~g}$ that is expanded reversibly and adiabatically from $1.0 \mathrm{dm}^3$ at $273.15 \mathrm{~K}$ to $3.0 \mathrm{dm}^3$.",131 $\mathrm{K}$,120 $\mathrm{K}$,158 $\mathrm{K}$,145 $\mathrm{K}$,A,scibench-atkins
"Assume all gases are perfect unless stated otherwise. Unless otherwise stated, thermodynamic data are for 298.15 K. Calculate the standard enthalpy of solution of $\mathrm{AgCl}(\mathrm{s})$ in water from the enthalpies of formation of the solid and the aqueous ions.",+45.67$\mathrm{kJ} \mathrm{mol}^{-1}$, +65.49$\mathrm{kJ} \mathrm{mol}^{-1}$,+85.23$\mathrm{kJ} \mathrm{mol}^{-1}$,-65.49$\mathrm{kJ} \mathrm{mol}^{-1}$,B,scibench-atkins
"Assume all gases are perfect unless stated otherwise. Unless otherwise stated, thermodynamic data are for 298.15 K. Calculate the work needed for a $65 \mathrm{~kg}$ person to climb through $4.0 \mathrm{~m}$ on the surface of the Earth.",$2.6 \times 10^3$$\mathrm{J}$,$2.0 \times 10^3$$\mathrm{J}$,$3.2 \times 10^3$$\mathrm{J}$,$1.8 \times 10^3$$\mathrm{J}$,A,scibench-atkins
"Assume all gases are perfect unless stated otherwise. Unless otherwise stated, thermodynamic data are for 298.15 K. Calculate the work needed for a $65 \mathrm{~kg}$ person to climb through $4.0 \mathrm{~m}$ on the surface of the Moon $\left(g=1.60 \mathrm{~m} \mathrm{~s}^{-2}\right)$.",$6.0 \times 10^2$ $\mathrm{J}$,$4.2 \times 10^2$ $\mathrm{J}$,$3.2 \times 10^2$ $\mathrm{J}$,$5.2 \times 10^2$ $\mathrm{J}$,B,scibench-atkins
"Assume all gases are perfect unless stated otherwise. Unless otherwise stated, thermodynamic data are for 298.15 K. For a van der Waals gas, $\pi_T=a / V_{\mathrm{m}}^2$. Calculate $\Delta U_{\mathrm{m}}$ for the isothermal expansion of nitrogen gas from an initial volume of $1.00 \mathrm{dm}^3$ to $24.8 \mathrm{dm}^3$ at $298 \mathrm{~K}$.", 131$\mathrm{J} \mathrm{mol}^{-1}$,150$\mathrm{J} \mathrm{mol}^{-1}$,120$\mathrm{J} \mathrm{mol}^{-1}$,100$\mathrm{J} \mathrm{mol}^{-1}$,A,scibench-atkins
"Assume all gases are perfect unless stated otherwise. Unless otherwise stated, thermodynamic data are for 298.15 K. For the reaction $\mathrm{C}_2 \mathrm{H}_5 \mathrm{OH}(\mathrm{l})+3 \mathrm{O}_2(\mathrm{~g}) \rightarrow 2 \mathrm{CO}_2(\mathrm{~g})+3 \mathrm{H}_2 \mathrm{O}(\mathrm{g})$, $\Delta_{\mathrm{r}} U^\ominus=-1373 \mathrm{~kJ} \mathrm{~mol}^{-1}$ at $298 \mathrm{~K}$, calculate $\Delta_{\mathrm{r}} H^{\ominus}$.",-1385$\mathrm{~kJ} \mathrm{~mol}^{-1}$,-1400$\mathrm{~kJ} \mathrm{~mol}^{-1}$, -1368$\mathrm{~kJ} \mathrm{~mol}^{-1}$,-1320$\mathrm{~kJ} \mathrm{~mol}^{-1}$,C,scibench-atkins
"Assume all gases are perfect unless stated otherwise. Unless otherwise stated, thermodynamic data are for 298.15 K. The standard enthalpy of decomposition of the yellow complex $\mathrm{H}_3 \mathrm{NSO}_2$ into $\mathrm{NH}_3$ and $\mathrm{SO}_2$ is $+40 \mathrm{~kJ} \mathrm{~mol}^{-1}$. Calculate the standard enthalpy of formation of $\mathrm{H}_3 \mathrm{NSO}_2$.",$-350$$\mathrm{kJ} \mathrm{~mol}^{-1}$,$-400$$\mathrm{kJ} \mathrm{~mol}^{-1}$,$-420$$\mathrm{kJ} \mathrm{~mol}^{-1}$,$-383$$\mathrm{kJ} \mathrm{~mol}^{-1}$ ,D,scibench-atkins
"Assume all gases are perfect unless stated otherwise. Unless otherwise stated, thermodynamic data are for 298.15 K. The standard enthalpy of formation of ethylbenzene is $-12.5 \mathrm{~kJ} \mathrm{~mol}^{-1}$. Calculate its standard enthalpy of combustion.",-5023.8 $\mathrm{kJ} \mathrm{mol}^{-1}$, -4564.7 $\mathrm{kJ} \mathrm{mol}^{-1}$,-4231.6 $\mathrm{kJ} \mathrm{mol}^{-1}$,-3890.5 $\mathrm{kJ} \mathrm{mol}^{-1}$,B,scibench-atkins
"Assume all gases are perfect unless stated otherwise. Unless otherwise stated, thermodynamic data are for 298.15 K. The volume of a certain liquid varies with temperature as
$$
V=V^{\prime}\left\{0.75+3.9 \times 10^{-4}(T / \mathrm{K})+1.48 \times 10^{-6}(T / \mathrm{K})^2\right\}
$$
where $V^{\prime}$ is its volume at $300 \mathrm{~K}$. Calculate its expansion coefficient, $\alpha$, at $320 \mathrm{~K}$.",$1.19 \times 10^{-3}$$\mathrm{~K}^{-1}$,$1.22 \times 10^{-3}$$\mathrm{~K}^{-1}$,$1.31 \times 10^{-3}$$\mathrm{~K}^{-1}$,$1.45 \times 10^{-3}$$\mathrm{~K}^{-1}$,C,scibench-atkins
"Assume all gases are perfect unless stated otherwise. Unless otherwise stated, thermodynamic data are for 298.15 K. When $120 \mathrm{mg}$ of naphthalene, $\mathrm{C}_{10} \mathrm{H}_8(\mathrm{~s})$, was burned in a bomb calorimeter the temperature rose by $3.05 \mathrm{~K}$. By how much will the temperature rise when $10 \mathrm{mg}$ of phenol, $\mathrm{C}_6 \mathrm{H}_5 \mathrm{OH}(\mathrm{s})$, is burned in the calorimeter under the same conditions?",180$\text{K}$,150$\text{K}$, 205$\text{K}$ ,235$\text{K}$,C,scibench-atkins
"Assume all gases are perfect unless stated otherwise. Unless otherwise stated, thermodynamic data are for 298.15 K. When $229 \mathrm{~J}$ of energy is supplied as heat to $3.0 \mathrm{~mol} \mathrm{Ar}(\mathrm{g})$ at constant pressure, the temperature of the sample increases by $2.55 \mathrm{~K}$. Calculate the molar heat capacities at constant pressure of the gas.",18$\mathrm{J} \mathrm{K}^{-1} \mathrm{~mol}^{-1}$,15$\mathrm{J} \mathrm{K}^{-1} \mathrm{~mol}^{-1}$, 22$\mathrm{J} \mathrm{K}^{-1} \mathrm{~mol}^{-1}$,30$\mathrm{J} \mathrm{K}^{-1} \mathrm{~mol}^{-1}$,C,scibench-atkins
"Assume all gases are perfect unless stated otherwise. Unless otherwise stated, thermodynamic data are for 298.15 K. When $229 \mathrm{~J}$ of energy is supplied as heat to $3.0 \mathrm{~mol} \mathrm{Ar}(\mathrm{g})$ at constant pressure, the temperature of the sample increases by $2.55 \mathrm{~K}$. Calculate the molar heat capacities at constant volume.",40$\mathrm{J} \mathrm{K}^{-1} \mathrm{~mol}^{-1}$,25$\mathrm{J} \mathrm{K}^{-1} \mathrm{~mol}^{-1}$, 30$\mathrm{J} \mathrm{K}^{-1} \mathrm{~mol}^{-1}$,15$\mathrm{J} \mathrm{K}^{-1} \mathrm{~mol}^{-1}$,C,scibench-atkins
"Assume all gases are perfect unless stated otherwise. Unless otherwise stated, thermodynamic data are for 298.15 K. When a certain freon used in refrigeration was expanded adiabatically from an initial pressure of $32 \mathrm{~atm}$ and $0^{\circ} \mathrm{C}$ to a final pressure of $1.00 \mathrm{~atm}$, the temperature fell by $22 \mathrm{~K}$. Calculate the Joule-Thomson coefficient, $\mu$, at $0^{\circ} \mathrm{C}$, assuming it remains constant over this temperature range.",0.45$\mathrm{K} \mathrm{atm}^{-1}$, 0.71$\mathrm{K} \mathrm{atm}^{-1}$,0.88$\mathrm{K} \mathrm{atm}^{-1}$,1.20$\mathrm{K} \mathrm{atm}^{-1}$,B,scibench-atkins
Assume that all gases are perfect and that data refer to 298 K unless otherwise stated. 3.17 Estimate the standard reaction Gibbs energy of $\mathrm{N}_2(\mathrm{~g})+3 \mathrm{H}_2(\mathrm{~g}) \rightarrow$ $2 \mathrm{NH}_3(\mathrm{~g})$ at $1000 \mathrm{~K}$ from their values at $298 \mathrm{~K}$., +107$\mathrm{kJ} \mathrm{mol}^{-1}$,-98$\mathrm{kJ} \mathrm{mol}^{-1}$,+200$\mathrm{kJ} \mathrm{mol}^{-1}$,+52$\mathrm{kJ} \mathrm{mol}^{-1}$,A,scibench-atkins
"Assume that all gases are perfect and that data refer to 298 K unless otherwise stated. At $298 \mathrm{~K}$ the standard enthalpy of combustion of sucrose is $-5797 \mathrm{~kJ}$ $\mathrm{mol}^{-1}$ and the standard Gibbs energy of the reaction is $-6333 \mathrm{~kJ} \mathrm{~mol}^{-1}$.
Estimate the additional non-expansion work that may be obtained by raising the temperature to blood temperature, $37^{\circ} \mathrm{C}$.",-25 $\mathrm{kJ} \mathrm{mol}^{-1}$,-30 $\mathrm{kJ} \mathrm{mol}^{-1}$,-15 $\mathrm{kJ} \mathrm{mol}^{-1}$, -21$\mathrm{kJ} \mathrm{mol}^{-1}$,D,scibench-atkins
"Assume that all gases are perfect and that data refer to 298 K unless otherwise stated. At $298 \mathrm{~K}$ the standard enthalpy of combustion of sucrose is $-5797 \mathrm{~kJ}$ $\mathrm{mol}^{-1}$ and the standard Gibbs energy of the reaction is $-6333 \mathrm{~kJ} \mathrm{~mol}^{-1}$.
Estimate the additional non-expansion work that may be obtained by raising the temperature to blood temperature, $37^{\circ} \mathrm{C}$.",-15$\mathrm{kJ} \mathrm{mol}^{-1}$, -21$\mathrm{kJ} \mathrm{mol}^{-1}$,-10$\mathrm{kJ} \mathrm{mol}^{-1}$,-30$\mathrm{kJ} \mathrm{mol}^{-1}$,B,scibench-atkins
Assume that all gases are perfect and that data refer to 298 K unless otherwise stated. Estimate the standard reaction Gibbs energy of $\mathrm{N}_2(\mathrm{g})+3 \mathrm{H}_2(\mathrm{g}) \rightarrow$ $2 \mathrm{NH}_3$ (g) at $500 \mathrm{~K}$.,10 $\mathrm{mol}^{-1}$,5 $\mathrm{mol}^{-1}$,12 $\mathrm{mol}^{-1}$,7$\mathrm{mol}^{-1}$,D,scibench-atkins
Assume that all gases are perfect and that data refer to 298 K unless otherwise stated. Find an expression for the fugacity coefficient of a gas that obeys the equation of state $p V_{\mathrm{m}}=R T\left(1+B / V_{\mathrm{m}}+C / V_{\mathrm{m}}^2\right)$. Use the resulting expression to estimate the fugacity of argon at 1.00 atm and $100 \mathrm{~K}$ using $B=-21.13 \mathrm{~cm}^3 \mathrm{~mol}^{-1}$ and $C=1054 \mathrm{~cm}^6 \mathrm{~mol}^{-2}$.,1.1024$\text{atm}$, 0.9974$\text{atm}$ ,1.0236$\text{atm}$,0.9125$\text{atm}$,B,scibench-atkins
Assume that all gases are perfect and that data refer to 298.15 K unless otherwise stated. 3.1(a) Calculate the change in entropy when $25 \mathrm{~kJ}$ of energy is transferred reversibly and isothermally as heat to a large block of iron at $100^{\circ} \mathrm{C}$.,55 $\mathrm{J} \mathrm{K}^{-1}$, 67$\mathrm{J} \mathrm{K}^{-1}$ ,80 $\mathrm{J} \mathrm{K}^{-1}$,72 $\mathrm{J} \mathrm{K}^{-1}$,B,scibench-atkins
"Assume that all gases are perfect and that data refer to 298.15 K unless otherwise stated. A sample consisting of $3.00 \mathrm{~mol}$ of diatomic perfect gas molecules at $200 \mathrm{~K}$ is compressed reversibly and adiabatically until its temperature reaches $250 \mathrm{~K}$. Given that $C_{V, \mathrm{~m}}=27.5 \mathrm{~J} \mathrm{~K}^{-1} \mathrm{~mol}^{-1}$, calculate $\Delta H$.",-5.4$\text{kJ}$,+6.5$\text{kJ}$, +5.4$\text{kJ}$ ,+4.2$\text{kJ}$,C,scibench-atkins
"Assume that all gases are perfect and that data refer to 298.15 K unless otherwise stated. A sample consisting of $3.00 \mathrm{~mol}$ of diatomic perfect gas molecules at $200 \mathrm{~K}$ is compressed reversibly and adiabatically until its temperature reaches $250 \mathrm{~K}$. Given that $C_{V, \mathrm{~m}}=27.5 \mathrm{~J} \mathrm{~K}^{-1} \mathrm{~mol}^{-1}$, calculate $\Delta S$.",10 J K$^{-1}$ mol$^{-1}$,20 J K$^{-1}$ mol$^{-1}$,30 J K$^{-1}$ mol$^{-1}$, 0,D,scibench-atkins
"Assume that all gases are perfect and that data refer to 298.15 K unless otherwise stated. A sample consisting of $3.00 \mathrm{~mol}$ of diatomic perfect gas molecules at $200 \mathrm{~K}$ is compressed reversibly and adiabatically until its temperature reaches $250 \mathrm{~K}$. Given that $C_{V, \mathrm{~m}}=27.5 \mathrm{~J} \mathrm{~K}^{-1} \mathrm{~mol}^{-1}$, calculate $\Delta U$.",+4.8$\text{kJ}$, +4.1$\text{kJ}$ ,+5.2$\text{kJ}$,+3.7$\text{kJ}$,B,scibench-atkins
"Assume that all gases are perfect and that data refer to 298.15 K unless otherwise stated. A sample consisting of $3.00 \mathrm{~mol}$ of diatomic perfect gas molecules at $200 \mathrm{~K}$ is compressed reversibly and adiabatically until its temperature reaches $250 \mathrm{~K}$. Given that $C_{V, \mathrm{~m}}=27.5 \mathrm{~J} \mathrm{~K}^{-1} \mathrm{~mol}^{-1}$, calculate $q$.",75 $\mathrm{J}$,100 $\mathrm{J}$,50 $\mathrm{J}$,0 ,D,scibench-atkins
"Assume that all gases are perfect and that data refer to 298.15 K unless otherwise stated. Calculate $\Delta H$ when two copper blocks, each of mass $10.0 \mathrm{~kg}$, one at $100^{\circ} \mathrm{C}$ and the other at $0^{\circ} \mathrm{C}$, are placed in contact in an isolated container. The specific heat capacity of copper is $0.385 \mathrm{~J} \mathrm{~K}^{-1} \mathrm{~g}^{-1}$ and may be assumed constant over the temperature range involved.",385 $\mathrm{J}$,-100 $\mathrm{J}$,-385 $\mathrm{J}$, 0,D,scibench-atkins
"Assume that all gases are perfect and that data refer to 298.15 K unless otherwise stated. Calculate $\Delta S$ (for the system) when the state of $3.00 \mathrm{~mol}$ of perfect gas atoms, for which $C_{p, \mathrm{~m}}=\frac{5}{2} R$, is changed from $25^{\circ} \mathrm{C}$ and 1.00 atm to $125^{\circ} \mathrm{C}$ and $5.00 \mathrm{~atm}$. How do you rationalize the $\operatorname{sign}$ of $\Delta S$?",15.3$\mathrm{J} \mathrm{K}^{-1}$, -22.1$\mathrm{J} \mathrm{K}^{-1}$,10.5$\mathrm{J} \mathrm{K}^{-1}$,-30.7$\mathrm{J} \mathrm{K}^{-1}$,B,scibench-atkins
"Assume that all gases are perfect and that data refer to 298.15 K unless otherwise stated. Calculate $\Delta S_\text{tot}$ when two copper blocks, each of mass $10.0 \mathrm{~kg}$, one at $100^{\circ} \mathrm{C}$ and the other at $0^{\circ} \mathrm{C}$, are placed in contact in an isolated container. The specific heat capacity of copper is $0.385 \mathrm{~J} \mathrm{~K}^{-1} \mathrm{~g}^{-1}$ and may be assumed constant over the temperature range involved.", +93.4$\mathrm{J} \mathrm{K}^{-1}$,+78.9$\mathrm{J} \mathrm{K}^{-1}$,+87.2$\mathrm{J} \mathrm{K}^{-1}$,+100.6$\mathrm{J} \mathrm{K}^{-1}$,A,scibench-atkins
Assume that all gases are perfect and that data refer to 298.15 K unless otherwise stated. Calculate the Carnot efficiency of a modern steam turbine that operates with steam at $300^{\circ} \mathrm{C}$ and discharges at $80^{\circ} \mathrm{C}$.,0.40,0.33,0.45, 0.38,D,scibench-atkins
Assume that all gases are perfect and that data refer to 298.15 K unless otherwise stated. Calculate the Carnot efficiency of a primitive steam engine operating on steam at $100^{\circ} \mathrm{C}$ and discharging at $60^{\circ} \mathrm{C}$.,0.09,0.15,0.20, 0.11,D,scibench-atkins
Assume that all gases are perfect and that data refer to 298.15 K unless otherwise stated. Calculate the change in Gibbs energy of $35 \mathrm{~g}$ of ethanol (mass density $0.789 \mathrm{~g} \mathrm{~cm}^{-3}$ ) when the pressure is increased isothermally from $1 \mathrm{~atm}$ to $3000 \mathrm{~atm}$.,15$\text{kJ}$,10$\text{kJ}$,20$\text{kJ}$, 12$\text{kJ}$ ,D,scibench-atkins
Assume that all gases are perfect and that data refer to 298.15 K unless otherwise stated. Calculate the change in chemical potential of a perfect gas when its pressure is increased isothermally from $1.8 \mathrm{~atm}$ to $29.5 \mathrm{~atm}$ at $40^{\circ} \mathrm{C}$.,+6.2$\mathrm{kJ} \mathrm{mol}^{-1}$,+5.9$\mathrm{kJ} \mathrm{mol}^{-1}$, +7.3$\mathrm{kJ} \mathrm{mol}^{-1}$,+8.4$\mathrm{kJ} \mathrm{mol}^{-1}$,C,scibench-atkins
Assume that all gases are perfect and that data refer to 298.15 K unless otherwise stated. Calculate the change in entropy when $25 \mathrm{~kJ}$ of energy is transferred reversibly and isothermally as heat to a large block of iron at $0^{\circ} \mathrm{C}$.,65$\mathrm{J} \mathrm{K}^{-1}$, 92$\mathrm{J} \mathrm{K}^{-1}$,110$\mathrm{J} \mathrm{K}^{-1}$,75$\mathrm{J} \mathrm{K}^{-1}$,B,scibench-atkins
Assume that all gases are perfect and that data refer to 298.15 K unless otherwise stated. Calculate the change in the molar Gibbs energy of hydrogen gas when its pressure is increased isothermally from $1.0 \mathrm{~atm}$ to 100.0 atm at $298 \mathrm{~K}$., +11$\mathrm{kJ} \mathrm{mol}^{-1}$,+13 $\mathrm{kJ} \mathrm{mol}^{-1}$,+9 $\mathrm{kJ} \mathrm{mol}^{-1}$,+15 $\mathrm{kJ} \mathrm{mol}^{-1}$,A,scibench-atkins
Assume that all gases are perfect and that data refer to 298.15 K unless otherwise stated. Calculate the maximum non-expansion work per mole that may be obtained from a fuel cell in which the chemical reaction is the combustion of methane at $298 \mathrm{~K}$.,710.80$\mathrm{kJ} \mathrm{mol}^{-1}$,920.15$\mathrm{kJ} \mathrm{mol}^{-1}$, 817.90$\mathrm{kJ} \mathrm{mol}^{-1}$,850.60$\mathrm{kJ} \mathrm{mol}^{-1}$,C,scibench-atkins
Assume that all gases are perfect and that data refer to 298.15 K unless otherwise stated. Calculate the molar entropy of a constant-volume sample of neon at $500 \mathrm{~K}$ given that it is $146.22 \mathrm{~J} \mathrm{~K}^{-1} \mathrm{~mol}^{-1}$ at $298 \mathrm{~K}$.,160.43$\mathrm{J} \mathrm{K}^{-1} \mathrm{~mol}^{-1}$,148.92$\mathrm{J} \mathrm{K}^{-1} \mathrm{~mol}^{-1}$, 152.67$\mathrm{J} \mathrm{K}^{-1} \mathrm{~mol}^{-1}$,155.30$\mathrm{J} \mathrm{K}^{-1} \mathrm{~mol}^{-1}$,C,scibench-atkins
"Assume that all gases are perfect and that data refer to 298.15 K unless otherwise stated. Calculate the total change in entropy, when a sample of nitrogen gas of mass $14 \mathrm{~g}$ at $298 \mathrm{~K}$ and $1.00 \mathrm{bar}$ doubles its volume in an adiabatic reversible expansion.",10 J/K,-2 J/K, 0,5 J/K,C,scibench-atkins
"Assume that all gases are perfect and that data refer to 298.15 K unless otherwise stated. Calculate the total change in entropy, when a sample of nitrogen gas of mass $14 \mathrm{~g}$ at $298 \mathrm{~K}$ and $1.00 \mathrm{bar}$ doubles its volume in an isothermal irreversible expansion against $p_{\mathrm{ex}}=0$.",+1.5$\mathrm{J} \mathrm{K}^{-1}$, +2.9$\mathrm{J} \mathrm{K}^{-1}$,+3.6$\mathrm{J} \mathrm{K}^{-1}$,+4.2$\mathrm{J} \mathrm{K}^{-1}$,B,scibench-atkins
"Assume that all gases are perfect and that data refer to 298.15 K unless otherwise stated. Calculate the total change in entropy, when a sample of nitrogen gas of mass $14 \mathrm{~g}$ at $298 \mathrm{~K}$ and $1.00 \mathrm{bar}$ doubles its volume in an isothermal reversible expansion.",2.3 J/K,-1.0 J/K,1.5 J/K, 0,D,scibench-atkins
"Assume that all gases are perfect and that data refer to 298.15 K unless otherwise stated. Consider a system consisting of $2.0 \mathrm{~mol} \mathrm{CO}_2(\mathrm{~g})$, initially at $25^{\circ} \mathrm{C}$ and $10 \mathrm{~atm}$ and confined to a cylinder of cross-section $10.0 \mathrm{~cm}^2$. It is allowed to expand adiabatically against an external pressure of 1.0 atm until the piston has moved outwards through $20 \mathrm{~cm}$. Assume that carbon dioxide may be considered a perfect gas with $C_{V, \mathrm{~m}}=28.8 \mathrm{~J} \mathrm{~K}^{-1} \mathrm{~mol}^{-1}$ and calculate $\Delta S$.",+0.90$\mathrm{J} \mathrm{K} \mathrm{K}^{-1}$,+0.75$\mathrm{J} \mathrm{K} \mathrm{K}^{-1}$,+0.45$\mathrm{J} \mathrm{K} \mathrm{K}^{-1}$, +0.60$\mathrm{J} \mathrm{K} \mathrm{K}^{-1}$,D,scibench-atkins
"Assume that all gases are perfect and that data refer to 298.15 K unless otherwise stated. Consider a system consisting of $2.0 \mathrm{~mol} \mathrm{CO}_2(\mathrm{~g})$, initially at $25^{\circ} \mathrm{C}$ and $10 \mathrm{~atm}$ and confined to a cylinder of cross-section $10.0 \mathrm{~cm}^2$. It is allowed to expand adiabatically against an external pressure of 1.0 atm until the piston has moved outwards through $20 \mathrm{~cm}$. Assume that carbon dioxide may be considered a perfect gas with $C_{V, \mathrm{~m}}=28.8 \mathrm{~J} \mathrm{~K}^{-1} \mathrm{~mol}^{-1}$ and calculate $\Delta T$.",-0.479$\text{K}$,-0.562$\text{K}$, -0.347$\text{K}$ ,-0.223$\text{K}$,C,scibench-atkins
"Assume that all gases are perfect and that data refer to 298.15 K unless otherwise stated. Consider a system consisting of $2.0 \mathrm{~mol} \mathrm{CO}_2(\mathrm{~g})$, initially at $25^{\circ} \mathrm{C}$ and $10 \mathrm{~atm}$ and confined to a cylinder of cross-section $10.0 \mathrm{~cm}^2$. It is allowed to expand adiabatically against an external pressure of 1.0 atm until the piston has moved outwards through $20 \mathrm{~cm}$. Assume that carbon dioxide may be considered a perfect gas with $C_{V, \mathrm{~m}}=28.8 \mathrm{~J} \mathrm{~K}^{-1} \mathrm{~mol}^{-1}$ and calculate $\Delta U$.",-30$\text{J}$,-10$\text{J}$,-40$\text{J}$, -20$\text{J}$ ,D,scibench-atkins
"Assume that all gases are perfect and that data refer to 298.15 K unless otherwise stated. Consider a system consisting of $2.0 \mathrm{~mol} \mathrm{CO}_2(\mathrm{~g})$, initially at $25^{\circ} \mathrm{C}$ and $10 \mathrm{~atm}$ and confined to a cylinder of cross-section $10.0 \mathrm{~cm}^2$. It is allowed to expand adiabatically against an external pressure of 1.0 atm until the piston has moved outwards through $20 \mathrm{~cm}$. Assume that carbon dioxide may be considered a perfect gas with $C_{V, \mathrm{~m}}=28.8 \mathrm{~J} \mathrm{~K}^{-1} \mathrm{~mol}^{-1}$ and calculate $q$.",-100 $\mathrm{J}$, 0,50 $\mathrm{J}$,-50 $\mathrm{J}$,B,scibench-atkins
"Assume that all gases are perfect and that data refer to 298.15 K unless otherwise stated. Consider a system consisting of $2.0 \mathrm{~mol} \mathrm{CO}_2(\mathrm{~g})$, initially at $25^{\circ} \mathrm{C}$ and $10 \mathrm{~atm}$ and confined to a cylinder of cross-section $10.0 \mathrm{~cm}^2$. It is allowed to expand adiabatically against an external pressure of 1.0 atm until the piston has moved outwards through $20 \mathrm{~cm}$. Assume that carbon dioxide may be considered a perfect gas with $C_{V, \mathrm{~m}}=28.8 \mathrm{~J} \mathrm{~K}^{-1} \mathrm{~mol}^{-1}$ and calculate $w$.",-10$\text{J}$,-40$\text{J}$,-30$\text{J}$, -20$\text{J}$ ,D,scibench-atkins
Assume that all gases are perfect and that data refer to 298.15 K unless otherwise stated. Estimate the change in the Gibbs energy of $1.0 \mathrm{dm}^3$ of benzene when the pressure acting on it is increased from $1.0 \mathrm{~atm}$ to $100 \mathrm{~atm}$., +10$\text{kJ}$ ,+20$\text{kJ}$,+15$\text{kJ}$,+5$\text{kJ}$,A,scibench-atkins
Assume that all gases are perfect and that data refer to 298.15 K unless otherwise stated. Suppose that $3.0 \mathrm{mmol} \mathrm{N}_2$ (g) occupies $36 \mathrm{~cm}^3$ at $300 \mathrm{~K}$ and expands to $60 \mathrm{~cm}^3$. Calculate $\Delta G$ for the process., -3.8 $\text{J}$,-5.2 $\text{J}$,-4.4 $\text{J}$,-2.6 $\text{J}$,A,scibench-atkins
Assume that all gases are perfect and that data refer to 298.15 K unless otherwise stated. The change in the Gibbs energy of a certain constant-pressure process was found to fit the expression $\Delta G / \text{J}=-85.40+36.5(T / \text{K})$. Calculate the value of $\Delta S$ for the process.,36.5$\mathrm{J} \mathrm{K}^{-1}$,20.3$\mathrm{J} \mathrm{K}^{-1}$,-85.40$\mathrm{J} \mathrm{K}^{-1}$, -36.5$\mathrm{J} \mathrm{K}^{-1}$,D,scibench-atkins
Assume that all gases are perfect and that data refer to 298.15 K unless otherwise stated. The enthalpy of vaporization of chloroform $\left(\mathrm{CHCl}_3\right)$ is $29.4 \mathrm{~kJ} \mathrm{~mol}^{-1}$ at its normal boiling point of $334.88 \mathrm{~K}$. Calculate the entropy change of the surroundings., -87.8$\mathrm{J} \mathrm{K}^{-1} \mathrm{~mol}^{-1}$,-75.2$\mathrm{J} \mathrm{K}^{-1} \mathrm{~mol}^{-1}$,-100.5$\mathrm{J} \mathrm{K}^{-1} \mathrm{~mol}^{-1}$,-94.1$\mathrm{J} \mathrm{K}^{-1} \mathrm{~mol}^{-1}$,A,scibench-atkins
Assume that all gases are perfect and that data refer to 298.15 K unless otherwise stated. The enthalpy of vaporization of chloroform $\left(\mathrm{CHCl}_3\right)$ is $29.4 \mathrm{~kJ} \mathrm{~mol}^{-1}$ at its normal boiling point of $334.88 \mathrm{~K}$. Calculate the entropy of vaporization of chloroform at this temperature.,+102.3$\mathrm{J} \mathrm{K}^{-1} \mathrm{~mol}^{-1}$,+59.2$\mathrm{J} \mathrm{K}^{-1} \mathrm{~mol}^{-1}$,+75.6$\mathrm{J} \mathrm{K}^{-1} \mathrm{~mol}^{-1}$, +87.8$\mathrm{J} \mathrm{K}^{-1} \mathrm{~mol}^{-1}$,D,scibench-atkins
Assume that all gases are perfect and that data refer to 298.15 K unless otherwise stated. The fugacity coefficient of a certain gas at $200 \mathrm{~K}$ and 50 bar is 0.72. Calculate the difference of its molar Gibbs energy from that of a perfect gas in the same state.,-0.45$\mathrm{kJ} \mathrm{mol}^{-1}$, -0.55$\mathrm{kJ} \mathrm{mol}^{-1}$,-0.35$\mathrm{kJ} \mathrm{mol}^{-1}$,-0.65$\mathrm{kJ} \mathrm{mol}^{-1}$,B,scibench-atkins
Assume that all gases are perfect and that data refer to 298.15 K unless otherwise stated. The standard enthalpy of combustion of solid phenol $\left(\mathrm{C}_6 \mathrm{H}_5 \mathrm{OH}\right)$ is $-3054 \mathrm{~kJ} \mathrm{~mol}^{-1}$ at $298 \mathrm{~K}_{\text {and }}$ its standard molar entropy is $144.0 \mathrm{~J} \mathrm{~K}^{-1} \mathrm{~mol}^{-1}$. Calculate the standard Gibbs energy of formation of phenol at $298 \mathrm{~K}$., -50$\mathrm{kJ} \mathrm{mol}^{-1}$,-75 $\mathrm{kJ} \mathrm{mol}^{-1}$,-60 $\mathrm{kJ} \mathrm{mol}^{-1}$,-100 $\mathrm{kJ} \mathrm{mol}^{-1}$,A,scibench-atkins
Calculate the mass of water vapour present in a room of volume $400 \mathrm{m}^3$ that contains air at $27^{\circ} \mathrm{C}$ on a day when the relative humidity is 60 per cent.,8.4$\text{kg}$,7.0$\text{kg}$, 6.2$\text{kg}$ ,5.6$\text{kg}$,C,scibench-atkins
Calculate the pressure exerted by $1.0 \mathrm{~mol} \mathrm{Xe}$ when it is confined to $1.0 \mathrm{dm}^3$ at $25^{\circ} \mathrm{C}$.,25 $\mathrm{atm}$,15 $\mathrm{atm}$, 21$\mathrm{atm}$ ,30 $\mathrm{atm}$,C,scibench-atkins
"Could $131 \mathrm{g}$ of xenon gas in a vessel of volume $1.0 \mathrm{dm}^3$ exert a pressure of $20 \mathrm{atm}$ at $25^{\circ} \mathrm{C}$ if it behaved as a perfect gas? If not, what pressure would it exert?", 24$\mathrm{atm}$,22 $\mathrm{atm}$,30 $\mathrm{atm}$,18 $\mathrm{atm}$,A,scibench-atkins
Express the van der Waals parameters $a=0.751 \mathrm{~atm} \mathrm{dm}^6 \mathrm{~mol}^{-2}$ in SI base units.,$7.61 \times 10^{-3}$$\mathrm{kg} \mathrm{~m}^5 \mathrm{~s}^{-2} \mathrm{~mol}^{-2}$,$6.71 \times 10^{-2}$$\mathrm{kg} \mathrm{~m}^5 \mathrm{~s}^{-2} \mathrm{~mol}^{-2}$,$7.61 \times 10^{-2}$$\mathrm{kg} \mathrm{~m}^5 \mathrm{~s}^{-2} \mathrm{~mol}^{-2}$,$8.51 \times 10^{-2}$$\mathrm{kg} \mathrm{~m}^5 \mathrm{~s}^{-2} \mathrm{~mol}^{-2}$,C,scibench-atkins
Express the van der Waals parameters $b=0.0226 \mathrm{dm}^3 \mathrm{~mol}^{-1}$ in SI base units.,2.26 \times 10^{-3} $\mathrm{~m}^3 \mathrm{~mol}^{-1}$, 2.26 \times 10^{-5}  $\mathrm{~m}^3 \mathrm{~mol}^{-1}$,2.26 \times 10^{-4} $\mathrm{~m}^3 \mathrm{~mol}^{-1}$,2.26 \times 10^{-6} $\mathrm{~m}^3 \mathrm{~mol}^{-1}$,B,scibench-atkins
"In an industrial process, nitrogen is heated to $500 \mathrm{~K}$ at a constant volume of $1.000 \mathrm{~m}^3$. The gas enters the container at $300 \mathrm{~K}$ and $100 \mathrm{~atm}$. The mass of the gas is $92.4 \mathrm{~kg}$. Use the van der Waals equation to determine the approximate pressure of the gas at its working temperature of $500 \mathrm{~K}$. For nitrogen, $a=1.352 \mathrm{dm}^6 \mathrm{~atm} \mathrm{~mol}^{-2}, b=0.0387 \mathrm{dm}^3 \mathrm{~mol}^{-1}$.",180$\text{atm}$,160$\text{atm}$, 140$\text{atm}$,120$\text{atm}$,C,scibench-atkins
"Recent communication with the inhabitants of Neptune has revealed that they have a Celsius-type temperature scale, but based on the melting point $(0^{\circ} \mathrm{N})$ and boiling point $(100^{\circ} \mathrm{N})$ of their most common substance, hydrogen. Further communications have revealed that the Neptunians know about perfect gas behaviour and they find that, in the limit of zero pressure, the value of $p V$ is $28 \mathrm{dm}^3$ atm at $0^{\circ} \mathrm{N}$ and $40 \mathrm{dm}^3$ atm at $100^{\circ} \mathrm{N}$. What is the value of the absolute zero of temperature on their temperature scale?",-210$^{\circ} \mathrm{N}$,-150$^{\circ} \mathrm{N}$, -233$^{\circ} \mathrm{N}$,-180$^{\circ} \mathrm{N}$,C,scibench-atkins
Suppose that $10.0 \mathrm{~mol} \mathrm{C}_2 \mathrm{H}_6(\mathrm{~g})$ is confined to $4.860 \mathrm{dm}^3$ at $27^{\circ} \mathrm{C}$. Predict the pressure exerted by the ethane from the perfect gas., 50.7$\mathrm{atm}$ ,60.2 $\mathrm{atm}$,45.6 $\mathrm{atm}$,55.8 $\mathrm{atm}$,A,scibench-atkins
Suppose that $10.0 \mathrm{~mol} \mathrm{C}_2 \mathrm{H}_6(\mathrm{~g})$ is confined to $4.860 \mathrm{dm}^3$ at $27^{\circ} \mathrm{C}$. Predict the pressure exerted by the ethane from the van der Waals equations of state., 35.2$\mathrm{atm}$ ,32.7$\mathrm{atm}$,28.6$\mathrm{atm}$,40.5$\mathrm{atm}$,A,scibench-atkins
The barometric formula relates the pressure of a gas of molar mass $M$ at an altitude $h$ to its pressure $p_0$ at sea level. Derive this relation by showing that the change in pressure $\mathrm{d} p$ for an infinitesimal change in altitude $\mathrm{d} h$ where the density is $\rho$ is $\mathrm{d} p=-\rho g \mathrm{~d} h$. Remember that $\rho$ depends on the pressure. Evaluate the external atmospheric pressure at a typical cruising altitude of an aircraft (11 km) when the pressure at ground level is 1.0 atm.,0.50,1.15, 0.72,0.85,C,scibench-atkins
The barometric formula relates the pressure of a gas of molar mass $M$ at an altitude $h$ to its pressure $p_0$ at sea level. Derive this relation by showing that the change in pressure $\mathrm{d} p$ for an infinitesimal change in altitude $\mathrm{d} h$ where the density is $\rho$ is $\mathrm{d} p=-\rho g \mathrm{~d} h$. Remember that $\rho$ depends on the pressure. Evaluate the pressure difference between the top and bottom of a laboratory vessel of height 15 cm.,$1.2 \times 10^{-5}$,$1.5 \times 10^{-5}$, $1.7 \times 10^{-5}$,$2.0 \times 10^{-5}$,C,scibench-atkins
The composition of the atmosphere is approximately 80 per cent nitrogen and 20 per cent oxygen by mass. At what height above the surface of the Earth would the atmosphere become 90 per cent nitrogen and 10 per cent oxygen by mass? Assume that the temperature of the atmosphere is constant at $25^{\circ} \mathrm{C}$. What is the pressure of the atmosphere at that height?,0.0029 $\mathrm{atm}$ ,0.0038 $\mathrm{atm}$,0.0056 $\mathrm{atm}$,0.0015 $\mathrm{atm}$,A,scibench-atkins
"The densities of air at $-85^{\circ} \mathrm{C}, 0^{\circ} \mathrm{C}$, and $100^{\circ} \mathrm{C}$ are $1.877 \mathrm{~g} \mathrm{dm}^{-3}, 1.294 \mathrm{~g}$ $\mathrm{dm}^{-3}$, and $0.946 \mathrm{~g} \mathrm{dm}^{-3}$, respectively. From these data, and assuming that air obeys Charles's law, determine a value for the absolute zero of temperature in degrees Celsius.",-200$^{\circ} \mathrm{C}$,-300$^{\circ} \mathrm{C}$,-250$^{\circ} \mathrm{C}$, -273$^{\circ} \mathrm{C}$ ,D,scibench-atkins
The density of a gaseous compound was found to be $1.23 \mathrm{kg} \mathrm{m}^{-3}$ at $330 \mathrm{K}$ and $20 \mathrm{kPa}$. What is the molar mass of the compound?,123 $\mathrm{g} \mathrm{mol}^{-1}$,150 $\mathrm{g} \mathrm{mol}^{-1}$,200 $\mathrm{g} \mathrm{mol}^{-1}$, 169 $\mathrm{g} \mathrm{mol}^{-1}$,D,scibench-atkins
"The discovery of the element argon by Lord Rayleigh and Sir William Ramsay had its origins in Rayleigh's measurements of the density of nitrogen with an eye toward accurate determination of its molar mass. Rayleigh prepared some samples of nitrogen by chemical reaction of nitrogencontaining compounds; under his standard conditions, a glass globe filled with this 'chemical nitrogen' had a mass of $2.2990 \mathrm{~g}$. He prepared other samples by removing oxygen, carbon dioxide, and water vapour from atmospheric air; under the same conditions, this 'atmospheric nitrogen' had a mass of $2.3102 \mathrm{~g}$ (Lord Rayleigh, Royal Institution Proceedings 14, 524 (1895)). With the hindsight of knowing accurate values for the molar masses of nitrogen and argon, compute the mole fraction of argon in the latter sample on the assumption that the former was pure nitrogen and the latter a mixture of nitrogen and argon.",0.015,0.022, 0.011,0.005,C,scibench-atkins
"The mass density of water vapour at $327.6 \mathrm{~atm}$ and $776.4 \mathrm{~K}$ is $133.2 \mathrm{~kg} \mathrm{~m}^{-3}$. Given that for water $T_{\mathrm{c}}=647.4 \mathrm{~K}, p_{\mathrm{c}}=218.3 \mathrm{~atm}, a=5.464 \mathrm{dm}^6 \mathrm{~atm} \mathrm{~mol}^{-2}$, $b=0.03049 \mathrm{dm}^3 \mathrm{~mol}^{-1}$, and $M=18.02 \mathrm{~g} \mathrm{~mol}^{-1}$, calculate the compression factor from the data.",0.7823, 0.6957,0.6219,0.5584,B,scibench-atkins
"The mass density of water vapour at $327.6 \mathrm{~atm}$ and $776.4 \mathrm{~K}$ is $133.2 \mathrm{~kg} \mathrm{~m}^{-3}$. Given that for water $T_{\mathrm{c}}=647.4 \mathrm{~K}, p_{\mathrm{c}}=218.3 \mathrm{~atm}, a=5.464 \mathrm{dm}^6 \mathrm{~atm} \mathrm{~mol}^{-2}$, $b=0.03049 \mathrm{dm}^3 \mathrm{~mol}^{-1}$, and $M=18.02 \mathrm{~g} \mathrm{~mol}^{-1}$, calculate the compression factor from the virial expansion of the van der Waals equation.", 0.7158,0.7846,0.8312,0.6523,A,scibench-atkins
"The mass density of water vapour at $327.6 \mathrm{~atm}$ and $776.4 \mathrm{~K}$ is $133.2 \mathrm{~kg} \mathrm{~m}^{-3}$. Given that for water $T_{\mathrm{c}}=647.4 \mathrm{~K}, p_{\mathrm{c}}=218.3 \mathrm{~atm}, a=5.464 \mathrm{dm}^6 \mathrm{~atm} \mathrm{~mol}^{-2}$, $b=0.03049 \mathrm{dm}^3 \mathrm{~mol}^{-1}$, and $M=18.02 \mathrm{~g} \mathrm{~mol}^{-1}$, calculate the molar volume.",0.1486$\mathrm{dm}^3 \mathrm{~mol}^{-1}$,0.1234$\mathrm{dm}^3 \mathrm{~mol}^{-1}$, 0.1353$\mathrm{dm}^3 \mathrm{~mol}^{-1}$,0.1502$\mathrm{dm}^3 \mathrm{~mol}^{-1}$,C,scibench-atkins
Use the van der Waals parameters for chlorine to calculate approximate values of the Boyle temperature of chlorine.,$1.41 \times 10^3$ $\mathrm{K}$,$1.33 \times 10^3$ $\mathrm{K}$,$1.25 \times 10^3$ $\mathrm{K}$,$1.60 \times 10^3$ $\mathrm{K}$,A,scibench-atkins
Use the van der Waals parameters for chlorine to calculate approximate values of the radius of a $\mathrm{Cl}_2$ molecule regarded as a sphere.,0.175 $\mathrm{nm}$,0.095 $\mathrm{nm}$,0.200 $\mathrm{nm}$, 0.139$\mathrm{nm}$ ,D,scibench-atkins
What pressure would $131 \mathrm{g}$ of xenon gas in a vessel of volume $1.0 \mathrm{dm}^3$ exert at $25^{\circ} \mathrm{C}$ if it behaved as a van der Waals gas?,26$\mathrm{atm}$,30$\mathrm{atm}$, 22$\mathrm{atm}$ ,18$\mathrm{atm}$,C,scibench-atkins
