Mass-society theory suggests that:,the subordinate classes are dominated by the ideology of the ruling class,the media serves as a platform for the masses to voice their opinions,"the media manipulate 'the masses' as vulnerable, passive consumers",audiences make selective interpretations of media messages,the content of the media is determined by market forces,the media's sole purpose is to disseminate information impartially,the masses manipulate the media through their consumption patterns,the dominant classes are influenced by the ideologies of the subordinate class,the media is independent of societal influences,the content of the media is solely determined by government censorship,C,ori_mmlu-sociology
The ecological approach to urban sociology involved studying:,the impact of city infrastructure on the local ecosystem,how men and women used the city's public spaces differently,the way in which people organized collective protests about environmental issues,the rate of pollution in different parts of the city,how urbanization affects the local climate,the forms of wildlife and natural habitats that could be found on the edges of the city,the relationship between city size and biodiversity,the influence of architecture on animal populations in the city,how social groups colonized different areas of the city and competed for resources,the effects of city planning on water systems and green spaces,I,ori_mmlu-sociology
Becker proclaimed that cannabis use was:,a dangerous pastime that young people should not be allowed to pursue,a behavior that could be easily unlearned with proper guidance,a gateway drug that leads to use of harder substances,not as enjoyable as other sociologists had suggested,increasing throughout all sections of youth in the 1970s,decreasing in popularity among youth in the 1970s,learned gradually through the social processes of a deviant career,something that should be strictly regulated by the government,a healthy alternative to alcohol and other dangerous substances,a form of rebellion against societal norms,G,ori_mmlu-sociology
The middle classes that developed over the nineteenth century were:,Uniform in their beliefs and values,too diverse to have a strong sense of class consciousness,Entirely homogeneous in their composition and interests,Predominantly involved in 'blue collar' work,all of the above,Largely alienated from civic bodies and voluntary associations,"an urban set, involved in civic bodies and voluntary associations",Primarily rural and agrarian in nature,often involved in 'white collar' work,Generally uninvolved in any form of work,E,ori_mmlu-sociology
Technological forms of surveillance have made it easier to:,enhance the performance of online gaming systems,monitor classroom behavior in schools,access and exchange 'private' information about consumers,reduce prison overcrowding by the use of electronic tagging,increase the efficiency of online banking systems,monitor employees' activities at work,improve the quality of online video streaming,limit internet usage in public spaces,prevent the spread of false information on social media,all of the above,J,ori_mmlu-sociology
There was a growth in income inequality in the 1980s because:,inflation rate was higher than the growth rate of wages,the price of consumer goods rose at a higher rate than earnings,the government introduced policies favouring the rich,rates of income tax increased equally for all occupational groups,the cost of living decreased while wages remained the same,growing unemployment made more people dependent on welfare benefits,there was a surge in the number of low-paying jobs,there were more professional jobs available but not enough people to fill them,there was a decrease in the number of high-paying jobs,the minimum wage was significantly lowered,F,ori_mmlu-sociology
"In the debate about the 'managerial revolution', John Scott (1997) argued that:",managers were becoming dissatisfied with their working conditions and planned to overthrow the owners of businesses,owners still exercised control through groups of shareholders and interlocking directorships,ownership and management were becoming increasingly separate functions,"the managerial revolution was a myth, as owners still held the majority of power in businesses",managers were planning to unionize to negotiate better working conditions,the principles of scientific management were universally applicable,management was becoming increasingly dependent on shareholders,the techniques of scientific management were overly bureaucratic and inefficient,owners and managers were merging into a single role within businesses,owners were losing control over their businesses due to increasing management autonomy,B,ori_mmlu-sociology
Marxist feminists explain patriarchy in terms of:,women's economic dependence on men,the dual systems of capitalism and male domination,the capitalist system being inherently biased against women,the control of means of production by men,the exploitation of women's emotional labour by the capitalist system,societal norms and traditions that favour men,"sex classes, through which men oppress women economically, politically and sexually",the inherent biological differences between men and women,a lack of equal rights and opportunities for men and women,women's domestic labour being exploited by the capitalist economy,J,ori_mmlu-sociology
Butler & Stokes (1969) suggested that working class support for the Labour Party arose from:,rational calculation of self-interest,socialization into working class families and communities,the influence of trade unions and worker rights movements,influence from upper-class ideals and perspectives,the impact of the local political landscape and voting habits,a desire to conform to societal norms and expectations,false consciousness and the acceptance of hegemonic values,lack of exposure to other political ideologies,issue-based concerns about culture and lifestyle,dissatisfaction with the performance of other political parties,B,ori_mmlu-sociology
"The four ideal types of social action that Weber identified were as follows: instrumentally-rational, value-rational, traditional, and...",normatively-rational,traditionally-rational,practically-rational,effective,intuitively-rational,affectively-rational,infected,emotionally-rational,affectual,affective,I,ori_mmlu-sociology
An ecclesia is:,a hierarchy of priests or other spiritual leaders,a sect or cult with a very small following,"a large, mainstream religious organization with many branches or subdivisions",a group of religious believers who meet regularly for worship,a religious organization that practices in secret,a religious organization that excludes people of other beliefs,a religious organization that requires a strict code of conduct for its members,a religious group that has broken away from a larger denomination,a religious organization that claims total spiritual authority over its members,a church organized around voluntary rather than compulsory membership,I,ori_mmlu-sociology
"After slavery was abolished in the USA and British Empire, policy makers claimed that former slaves migrating to these cities would experience:",assimilation,discrimination,marginalization,compensation,emancipation,alienation,adaptation,deportation,segregation,integration,A,ori_mmlu-sociology
Which of the following policies did the New Labour government not pursue?,supporting LEAs that appeared to be failing,abolition of student tuition fees,privatization of state schools,state regulation and control of the curriculum,requiring all schools to provide vocational training,implementing a national dress code for teachers,setting and streaming pupils by ability,introduction of league tables and competition among schools,eliminating standardized testing,parental choice of school,A,ori_mmlu-sociology
"In their study of depression, Brown & Harris (1978) found that:",men and women have fairly similar levels of diagnosed depression,depression is less likely in individuals with high levels of social support regardless of gender,women's susceptibility to stress depended on their levels of social support,men and women have drastically different levels of diagnosed depression,men's susceptibility to stress depended on their levels of social support,depression is more common in women due to hormonal differences,women are more prone to depression due to societal pressures,men are more vulnerable to depression because of conventional gender roles,self-reported depression is highest amongst women and the economically disadvantaged,self-reported depression is highest amongst men and the relatively affluent,C,ori_mmlu-sociology
The alternative form of 'network organization' means that:,the company operates solely through social media platforms,"the company does not have a physical office, all tasks are performed online",each department works independently with no interaction with other departments,work can be subcontracted out to independent suppliers and retailers,all employees work remotely from different locations,business transactions occur only through electronic communication,the company has multiple branch offices in different cities or countries,"there is no hierarchy, everyone is at the same level","the Japanese model is applied, through lateral networks of flexible roles",activities are redistributed equally between men and women,D,ori_mmlu-sociology
Margaret Mead suggested that:,cultural norms have no influence on adolescence and gender roles,gender roles in three New Guinea societies were identical and so must be biologically determined,anthropological fieldwork is completely objective and unbiased,anthropological fieldwork can be problematic because the researcher's values affect the way they interpret their observations,gender roles are universally identical and biologically determined,every society has the same adolescence experience,adolescence and gender roles varied between societies and so were culturally determined,there are no variations in gender roles and adolescence across different cultures,adolescence in the USA is a time of relative calm compared to the experience in Japan and Europe,adolescence is universally a time of turmoil and confusion,G,ori_mmlu-sociology
Weber said that the 'spirit of capitalism' could be traced back to:,the movement towards religious pluralism,inspirational Protestant groups who revived religious ideas,the fall of feudalism and the rise of industrialism,the introduction of paper currency in the Middle Ages,new religious movements who rejected traditional forms of labour,the spread of secularism in modern society,Calvinists who engaged in ascetic practices to gain signs of salvation,the expansion of trade during the Renaissance,the development of the scientific method during the Enlightenment,the birth of democracy in ancient Greece,G,ori_mmlu-sociology
Seven people standing silently while waiting for a bus at a bus stop is an example of which of the following?,A secondary group,A social category,A social network,An out-group,A formal organization,An in-group,A reference group,A peer group,A primary group,An aggregate,J,ori_mmlu-sociology
Chodorow (1978) argued that gender socialization occurred through:,"both boys and girls being closely attached to their parents, but then girls breaking away","both boys and girls being closely attached to their fathers, but then boys breaking away","both boys and girls being closely attached to their fathers, but girls breaking away",girls being attached to their mothers but then breaking away,"both boys and girls being closely attached to their mothers, but then boys breaking away","boys being closely attached to their mothers, with girls breaking away",boys being attached to their mothers but then breaking away,both boys and girls being closely attached to their siblings,boys being attached to their fathers and girls to their mothers,girls being attached to their fathers and boys to their mothers,E,ori_mmlu-sociology
The 'new man' of the 1980s was alleged to be:,"an environmentalist, concerned about climate change","laddish, aggressive, and violent","a globetrotter, traveling the world for work and pleasure",openly bisexual and proud of it,politically active and involved in social issues,"sensitive, caring, and emotional",a strong and dependable breadwinner,"a workaholic, prioritizing career over family",a tech-savvy early adopter of new technologies,focused on physical fitness and bodybuilding,F,ori_mmlu-sociology
"In the 1960s, comprehensive schools did not eradicate class inequalities in education because:","selective schools could still 'cream off' the most able pupils, while the comprehensives put children into ability streams","the comprehensive schools did not have the capacity to accommodate all students, leading to overcrowding and reduced quality of education","the comprehensive schools were mostly located in affluent neighborhoods, limiting access for working class students",national testing and league tables made the new schools highly competitive and selective,"teachers in comprehensive schools used the restricted code in the classroom, whereas working class pupils used elaborated codes of speech",the segregation between working class and middle class in comprehensive schools was still very apparent,they tended to recruit pupils from the inner cities and traditionally working class areas,comprehensive schools did not have sufficient funding to provide quality education to all students,the transition from selective schools to comprehensive was not fully implemented during the 1960s,"comprehensive schools did not offer advanced courses, limiting the educational opportunities for gifted students",A,ori_mmlu-sociology
"A major car accident occurs. One man stops his car and starts helping people. After seeing him stop, others also stop and start helping. Which of the following theories best explains the scenario?",Self-fulfilling Prophecy,Social Identity,Cognitive Dissonance,Convergence,Emergent-norm,Deindividuation,Value-added,Social Facilitation,Bystander Effect,Contagion,E,ori_mmlu-sociology
Pluralist theories suggest that:,political parties must compete for the votes of 'consumers' in the electorate,political parties are primarily focused on maintaining power rather than serving the electorate,the state's power is primarily exercised through a centralized administrative structure,the state is neutral and serves all interest groups equally,there is a direct correlation between wealth and political power,the ruling elite is composed of people from various class backgrounds,the ruling elite is composed solely of individuals from high class backgrounds,power is concentrated in the hands of a few elite individuals or groups,there is a close alignment between class background and party preference,the state's power can be exercised through several different administrative structures,A,ori_mmlu-sociology
"According to Hakim (1995, 1996), the majority of part-time work is done by women because:",full time work is not available in the kinds of occupations that they want to enter,women prefer part-time work as it provides a better work-life balance,"part-time work offers more flexible hours, allowing women to manage their domestic responsibilities",they make a rational choice to combine employment with their 'home-centred' lives,women prefer the less demanding nature of part-time work,"their choices are constrained by structural factors, such as being unable to afford childcare",employers prefer to hire women for part-time positions due to societal stereotypes,part-time work allows women to have more time for personal development and hobbies,there are more part-time job opportunities available for women,part-time jobs pay relatively high wages and so are financially beneficial,D,ori_mmlu-sociology
A sect is organised around:,"belief in the afterlife, individual interpretation of scripture, and weekly gatherings","beliefs that can be challenged by members, a charismatic leader, and openness to new recruits","hierarchical structure, a pope as the head, and a closed canon of scripture","strict rules, a single leader, and exclusion of non-members",tolerance towards other religions and the separation of church and state,"acceptance of all beliefs, lack of leadership, and focus on personal growth","worship of a specific deity, regular rituals, and mandatory tithes","voluntary membership, democratic leadership, and high levels of emotional commitment",the idea of the secular world itself as being sacred,"a single holy book, a rigid moral code, and a closed community",H,ori_mmlu-sociology
Pre-testing a questionnaire is useful for:,Testing the respondent's knowledge in the subject area,finding out which topics are important to the respondents,Assessing the cost of the research study,Determining the respondents' favorite questions,testing out your computer and printer,deciding which respondents to leave out of the final sample,Determining the length of time it takes to complete the questionnaire,Predicting the final results of the study,Choosing the color scheme for the questionnaire,identifying any problems with the question wording and routing,J,ori_mmlu-sociology
"Religious organizations such as the Church of Norway, Islam, the Church of England, and the Church of Greece have which of the following characteristics in common?",They are primarily based in Europe.,They are monotheistic.,They all practice infant baptism.,They all have a hierarchical church structure.,They are cultures as well as churches.,They believe in reincarnation.,They all observe the Sabbath on Saturday.,They prohibit the use of religious icons.,They practice separation of church and state.,They exclude women as clergy.,B,ori_mmlu-sociology
Role-learning theory suggests thatÂ…,we learn our roles through observation only,roles are learned through punishment and reward system,social roles are fixed and singular,social roles are not fixed or stable but fluid and pluralistic,we create and negotiate our roles through interaction with others,role-learning theory is not related to social roles but to professional roles,we internalise and take on social roles from a pre-existing framework,roles have to be learned to suppress unconscious motivations,social roles are predetermined and cannot be changed,roles are not learned but are innate to each individual,G,ori_mmlu-sociology
Post-modernist writers have argued that:,Modern theories are sufficient for understanding society,society has changed and we need new kinds of theory,Post-modernism rejects the idea of fragmented images,"All theories are equal, but some are more equal than others",all of the above,Post-modernism is a complete rejection of modern theories,Post-modernism argues for a return to traditional theories,"we live in a world of superficial, fragmented images","We live in a world of interconnected, unbroken images",no theory is better than any other: 'anything goes',H,ori_mmlu-sociology
The work of Smart suggested that:,women are less likely to commit crime than men,the rates of non-violent crime were similar for men and women,men's sexual delinquency was more likely to be normalized than women's,women's sexual delinquency was more likely to be normalized than men's,all of the above,men's criminal behaviour tended to reflect traditional gender roles,women's criminal behaviour tended to reflect traditional gender roles,none of the above,women's criminal behaviour was more likely to be violent,the rates of violent crime were similar for men and women,G,ori_mmlu-sociology
Mulholland (1998) argued that privatization changed the relationship between companies and managers in that:,the relationship between companies and managers became more formalized,ownership was transferred from small shareholders to senior managers,the state had greater control than managers over production processes,managers became less accountable to shareholders,privatization led to an increase in the number of small shareholders,privatization led to a decrease in the number of employees,flexibility was reduced by the introduction of detailed daily worksheets,employment depended on performance rather than trust and commitment,there was a shift in power from the managers to the employees,the role of managers remained unchanged despite privatization,H,ori_mmlu-sociology
"In the traditional hierarchy of status and precedence, which of these members of the upper class are in the right order (from highest to lowest status)?","Esquires, Serjeants of Law, Dukes' Eldest Sons","Marquesses of England, Earls of Great Britain, King's Brothers","Barons of Scotland, King's Uncles, Companions of the Bath","Lord Chancellor, Viscounts of Scotland, King's Nephews","Prime Minister, Dukes' Younger Sons, Barons of Great Britain","Archbishop of Canterbury, Viscounts of Ireland, King's Younger Sons","Marquesses of Scotland, Dukes of England, Serjeants of Law","King's Daughters, Earls of Ireland, Companions of the Bath","Prime Minister, Archbishop of York, Viscounts of England","King's Grandsons, Lord High Treasurer, Companions of the Bath",J,ori_mmlu-sociology
The rise of new social movements indicates that:,consumer identities are more important than class identities,people vote according to pragmatic issues and concerns,new social movements have no significant impact on political consciousness,people vote based on personal biases and not on pragmatic issues,cultural and environmental issues are less influential in mobilising political consciousness,individuals are becoming less politically active,"personal, cultural and environmental issues can mobilise political consciousness just as much as economic interests",class identities are becoming more important than consumer identities,economic interests are the only factors that mobilise political consciousness,all of the above,J,ori_mmlu-sociology
Marx said that the development of the labour movement through factory-based production would turn the working class into:,a class for itself,a self-sustaining class,a revolutionary class,a capitalist class,a subservient class,an oppressed class,a class by itself,a class in itself,a proletariat class,a ruling class,A,ori_mmlu-sociology
Sociologists like Bordo (1993) have attributed the 'epidemic' of anorexia in Western cultures to:,the rise in stress and anxiety levels in modern society,"a generally ascetic, frugal lifestyle that can be taken to extremes",the increase in fast food consumption and obesity,the lack of awareness about healthy diet and exercise,"the social construction of mental illness, through which 'normal' patterns of behaviour are pathologized","traditional images of women as emotional, domesticated, and unassertive",the belief that thinness equates to beauty and success,"the new ideal of independent, self-assured femininity, combined with cultural values of achievement and control",the influence of celebrities and media on unrealistic body image standards,the pressure to conform to societal norms and expectations,H,ori_mmlu-sociology
"In Symbolic Interactionist theory, Mead defined the 'generalized other' as:",the internalized standards and values of society,a collection of individual roles and expectations in society,the viewpoint of a specific other individual we interact with,an imaginary audience that is always judging our actions,the embodiment of cultural norms and societal expectations,the overall impression of ourselves that we try to give off to others,an image of how people in the wider society might perceive our behaviour,a significant figure in early childhood who teaches us the general values of society,the group of structural theories of society that he was reacting against,the inherent human tendency to seek social acceptance,G,ori_mmlu-sociology
Booth's (1901) study revealed that the percentage of people in London who were living in poverty was:,35.80%,24.20%,28.90%,27.50%,33.20%,31.50%,30.70%,25.40%,22.10%,18.60%,G,ori_mmlu-sociology
Bernstein thought that using 'restricted codes' of language disadvantaged pupils at school because:,they prevented children from communicating outside of their peer groups,this pattern of speech made them the target of bullying,"they involved short, simple sentences with a small vocabulary",they discouraged creativity and original thought,they limited the ability to express complex ideas and emotions,"they referred to explicit, context independent meanings",they led to poor performance on standardized tests,they were often associated with lower socio-economic status,they hindered the development of critical thinking skills,they were difficult for teachers to understand,C,ori_mmlu-sociology
The case of the former Soviet Union supports Kerr et al.'s (1960) claim that:,advanced industrial technology strengthens the power of totalitarian regimes,communist societies are more likely to disperse power between various economic classes,democratic governments hinder the development of advanced industrial technology,advanced industrial technology has no impact on the structure of totalitarian regimes,totalitarian regimes discourage the development of a ruling elite,communist societies are more likely to adopt advanced industrial technology,totalitarian regimes are more likely to maintain power with the help of advanced industrial technology,democratic governments serve the interests of a ruling elite,totalitarian regimes are incompatible with the requirements of advanced industrial technology,communist societies disperse power between various political parties,I,ori_mmlu-sociology
"In modern societies, social status is typically measured by a person's:",physical strength,height,musical ability,knowledge of current events,age,number of social media followers,income,number of pets owned,verbal fluency,occupation,J,ori_mmlu-sociology
The 'extension pattern' that Parker (1976) identified was said to be:,the pattern of retirees who spend their leisure time in activities similar to their past work,the tendency of part-time employees to integrate work and leisure activities,"a neutral balance between work and leisure as neither connected nor oppositional, as evidenced by semi-skilled manual and clerical workers",an approach adopted by students where academic work is done during leisure time,"a lifestyle of unskilled manual workers, who saw work as a chance to escape from idle leisure time","a neutral balance between work and leisure as both connected and oppositional, as evidenced by full-time employees","the lifestyle of clerical and unskilled manual workers, who saw leisure time as a chance to escape from alienating work","characteristic of homemakers, whose household chores spill over into their leisure time",the tendency of students to leave essay-writing until the last minute and then ask for an extended deadline,"characteristic of professionals and skilled workers, whose work interests spilled over into leisure time",J,ori_mmlu-sociology
Smith & Tomlinson argued that:,differences in ethnic background were more significant than class or gender in predicting educational achievement,social class was the most significant factor in determining educational success,the move towards equality of opportunity for children from ethnic minorities was not undermined by racism in schools,inequalities of class had no impact on gender differences in educational achievement,ethnic background was less significant than class or gender in predicting educational achievement,racism in schools undermined the move towards equality of opportunity for children from ethnic minorites,gender and ethnic background had no impact on educational achievement,ethnic background and class were equally significant in predicting educational achievement,gender differences in educational achievement could be attributed to inequalities of class,school character far outweighed ethnic background in determining educational success,J,ori_mmlu-sociology
Which of the following is not recognised as a level of society?,the continent,the community,the city,the nation state,the church,the school,the household,the global village,the region,the office,J,ori_mmlu-sociology
Marriage appears to be in decline because:,all of the above,many people are cohabiting in long term relationships,the cost of weddings has become prohibitive for many,the number of people choosing to have children outside of marriage has increased,the proportion of people living alone has fallen to 29%,the upward curve of remarriages compensates for the drop in first marriages,people are focusing more on their careers than on marriage,the divorce rate has significantly increased,marriage is no longer considered a societal norm,more people are choosing to remain single for longer,B,ori_mmlu-sociology
Which of the following was not part of Weber's ideal type of bureaucracy?,Emotional decision-making,impersonal rules,hierarchy of officials,Lack of written records,Job specialization,extensive paperwork,Merit-based promotion,Corruption,Political influence,Salaries,F,ori_mmlu-sociology
Which of the following is not a 'research purpose'?,argumentation,exploration,description,justification,comprehension,interpretation,persuasion,prediction,triangulation,explanation,I,ori_mmlu-sociology
'Scientific' theories in the nineteenth century tried to explain race in naturalistic terms. Which of the following ideas was not considered?,eye color,hair texture,bone density,height,skin color,evolution,brain size,blood type,genetics,muscle mass,D,ori_mmlu-sociology
Which of the following industries did Blauner (1964) suggest was most alienating to its employees?,car manufacturing in assembly plants,agricultural work in large-scale farming,food processing in automated factories,construction work with mechanized equipment,textile work as craft production,chemical processing with automated practices,machine-based factory work,tech companies with automated software development,coal mining with heavy machinery,steel manufacturing in industrial mills,A,ori_mmlu-sociology
Warner and Myrdal claimed that black former slaves were not joining the 'ethnic melting pot' of the North American cities because:,the North American cities did not offer any advantages over the Southern states,they had no desire to join the 'ethnic melting pot' due to their past experiences with white people,"the white population did not believe in liberty, equality, and democracy",they were not physically capable of moving to the North American cities,they were not allowed to join the 'ethnic melting pot' by the government,they wanted to retain a strong sense of their original ethnic identity,they were not prepared to leave the Southern states and move to North America,they were not economically capable of moving to the North American cities,the promise of citizenship was contradicted by continued discrimination,they were afraid of losing their cultural heritage in the 'ethnic melting pot',I,ori_mmlu-sociology
Children who are still sucking their thumbs when they enter kindergarten are often subject to teasing and ridicule for this behavior. What type of social sanction is applied in this instance?,Formal negative sanction,No sanction is applied,"Positive sanction, but not classified as formal or informal",Informal neutral sanction,Informal positive sanction,Informal negative sanction,"Negative sanction, but not classified as formal or informal",Formal positive sanction,Formal neutral sanction,Both formal and informal negative sanction,F,ori_mmlu-sociology
"Walt Disney, Sony and Time Warner are examples of:",non-profit organizations,government-owned companies,news broadcasting companies,international hotel chains,online streaming platforms,transnational corporations,technology companies,multi-media empires,ownership concentrated within one medium,independent film studios,F,ori_mmlu-sociology
'Eyeballing' is a technique that involves:,estimating measurements by sight without using tools,keeping your eyes on research participants at all times,reading a textual document quickly to understand the gist of it,observing a person or object closely to identify details,visually inspecting a construction site for safety hazards,looking at a problem and guessing the solution based on experience,gathering a sample from whoever you can see in a public place,quickly reading a research paper to identify the main arguments,looking at a situation and identifying potential risks,scanning a table to identify general patterns and significant figures,J,ori_mmlu-sociology
Which of the following was not a strategy used by the Conservative government of 1979 to reduce the power of the labour movement?,making secondary action (in support of workers elsewhere) illegal,banning all trade unions,enforcing mandatory arbitration in all labor disputes,banning political strikes that were not primarily concerned with the worker's own conditions of work,imposing restrictions on picketing,implementing a national minimum wage,making all strike action illegal,outlawing collective bargaining,replacing the labour movement with government-controlled worker's councils,privatizing all industries,G,ori_mmlu-sociology
The population pyramid of a population that has had a slightly larger birth rate than death rate for several generations will most likely have which of the following shapes?,Narrow at the bottom and wide at the top,Having parallel sides,Having a diamond shape,Even width from bottom to top,Bulging at the top,Bulging in the middle,Wider at the top than in the middle,Wider at the bottom than at the top,Narrow at the top and wide in the middle,Narrow in the middle and wide at the top and bottom,H,ori_mmlu-sociology
The 'new racism' refers to:,"a subtler form of prejudice, masked by nationalist pride",a trend of neo-nazism masked as patriotism,a form of racism that only exists within the realm of social media,an anti-fascist movement which challenges nationalist politics,an increased awareness and sensitivity towards racism in contemporary society,a post-modern deconstruction of racist ideas to reveal their lack of depth,a radical form of racism that encourages open discrimination,a form of racism practiced by newly established countries,"racist practices found in newly emerging areas of social life, such as cyberspace",the rise of racism in new political parties,A,ori_mmlu-sociology
Goldthorpe identified the 'service class' as:,the young men and women employed in domestic service in the nineteenth century,"those in non-manual occupations, exercising authority on behalf of the state",individuals working in public service sectors such as education and healthcare,those in manual labor jobs such as construction or manufacturing,"individuals in skilled trades like plumbing, electricians, and carpentry","professionals in the arts, entertainment, and media industry",those who are self-employed or run their own businesses,people working in consultancy firms who were recruited by big businesses,people holding high-ranking positions in private corporations,those who had worked in the armed services,B,ori_mmlu-sociology
Freud's notion of the 'ego' referred to:,the self as a whole: an unstable mix of conscious and unconscious elements,the part of the mind that deals with primal instincts and survival,the neurotic part of the mind that longs for belonging and may suffer an inferiority complex,the part of the mind that handles social and cultural expectations,the unconscious mass of instinctive drives that may be repressed,the part of the mind that is responsible for dream interpretation,the unconscious part of the mind that stores memories and experiences,"the conscious part of the mind that regulates emotional drives on a practical, rational level",the conscious part of the mind that manages rational thought and problem-solving,the part of the mind that mediates between the id and the superego,H,ori_mmlu-sociology
Which of the following is a personal document with closed access?,a school's academic calendar,a city's census data,restaurant's menu,national electoral register,company's balance sheet,household account book,government 'white paper',the shares register of a business,confidential medical records,public library catalog,F,ori_mmlu-sociology
The media-themes model of media influence claims that:,audiences are only influenced by the media if they actively seek out the message,the media only influences audiences who are already predisposed to agree with the message,audiences actively reject media messages that conflict with their pre-existing beliefs,audiences selectively interpret what they want to hear,media messages are universally interpreted in the same way by all audience members,media influence is only significant during major news events,content analysis is the best way to identify the themes covered by the media,audiences passively absorb whatever messages they are given,"the media has no influence on audiences, as individuals form their own opinions independently",social interaction reinforces the ideas and images that audiences select,J,ori_mmlu-sociology
"According to Scott (1990), a document is 'authentic' if it:",is a document that is free from any alterations or forgeries,is a document that has been officially certified by a notary,"is a 'sound' original, or reliable copy, of known authorship","is a sincere and accurate account, free from political bias",is a document that has been translated accurately from its original language,is a document that includes a detailed account of events,is representative of all the similar documents that did not survive,has been peer-reviewed and approved by a panel of experts,has been verified as authentic by an accredited institution,has both a literal and an interpretable meaning,C,ori_mmlu-sociology
Which of the following did Domhoff not identify as a process of decision-making in the USA?,the lobbying process,the public opinion process,the power process,the legislation process,the ideology process,the policy-formation process,the decision implementation process,the exploitation process,the governance process,the candidate-selection process,H,ori_mmlu-sociology
Which of the following methods of detecting breast cancer involves exposure to radiation?,Biopsy,Ductal lavage,Ultrasound,Physical examination,Thermography,Mammography,Needle aspiration,Breast MRI,Lumpectomy,Mastectomy,F,ori_mmlu-human_sexuality
"The regions of the body that, when touched, are sexually exciting:",are the same for all individuals regardless of gender,vary for women depending on the phases of the menstrual cycle,vary from person to person,are not affected by hormonal changes,all of the above,are only present during sexual activity,are only found in the reproductive organs,do not vary over time,are only present in females,are mainly on the lower portion of the body,E,ori_mmlu-human_sexuality
Which of the following is/are true of gonorrhea?,always causes severe pain and discomfort,can be treated with antibiotics,can be completely prevented with the use of condoms,only affects men,infections are limited to genital areas,is a viral infection,is a form of herpes,is asymptomatic (without symptoms) in only a small percentage of those infected,has a high risk of infection with a single exposure,can be cured with over-the-counter medication,B,ori_mmlu-human_sexuality
"You are a homosexual male: Last night, you were tempted by lusty, swarthy Jacques (the king of fraternity row) to join him at the local dairy bar for a tall cool glass of milk. You also briefly considered studying for this test, but Jacques won out. In Freudian terms, which of the following was dominant?",the unconscious mind,the id,the conscious mind,the defense mechanism,the superego,the Oedipus complex,the libido,the ego,the Electra complex,the preconscious mind,B,ori_mmlu-human_sexuality
Sociobiologists believe that there are more males than females with paraphilias because:,paraphilias guarantee survival of the species,of hormonal differences between the genders,females have evolved to suppress paraphilias,males are more prone to genetic mutations that lead to paraphilias,males are more likely to report paraphilias due to societal pressures,males are more likely to be influenced by environmental factors,of left brain/right brain differences between the genders,male brains are better developed than are female brains,evolutionary selection has favored the development of males who respond to novel sexual stimuli,sociobiologists do not believe that there are more males than females with paraphilias,I,ori_mmlu-human_sexuality
"According to a study by Sprecher, Barbee, and Schwartz (1995), women were more likely than men to have ________ following their first act of intercourse.",experienced relief,felt excitement,felt disappointment,experienced regret,experienced confusion,felt fear,felt glad,experienced guilt,felt shame,felt indifference,H,ori_mmlu-human_sexuality
Joe wants desperately to get close to Helen. Helen appears to be put off by Joe's desperate advances. This is typical of Joe's relationships with women. According to attachment theory Joe would best be described as:,a detached lover,an avoidant lover,a disorganized lover,a fearful-avoidant lover,a secure-avoidant lover,a passionate lover,a dismissive-avoidant lover,a secure lover,an obsessive lover,an anxious-ambivalent lover,J,ori_mmlu-human_sexuality
"What makes a relationships last, according to Sternberg?",understanding,empathy,respect,commitment,communication,intimacy,passion,patience,decision,trust,D,ori_mmlu-human_sexuality
The position that abortion is murder is held by certain people in which religion?,Eastern Orthodox Christians,Roman Catholics,Atheists,Orthodox Jews,Shintoists,Buddhism,Sunni Muslims,Hinduism,Fundamentalist Protestants,all of the above,J,ori_mmlu-human_sexuality
"________ men, on the average, begin engaging in sexual intercourse approximately two years later than ________ men do.",Mexican Americans; Whites and Latinos,Mexican Americans and whites; African Americans,Latinos; African Americans and whites,Mexican Americans; African Americans and whites,Whites and African Americans; Mexican Americans,African Americans; Mexican Americans and whites,Latinos; Whites and African Americans,Whites; African Americans and Latinos,African Americans; whites and Latinos,African Americans and Latinos; Whites,B,ori_mmlu-human_sexuality
"In the scientific community, women's capacity for multiple orgasms was originally discovered by:",Kaplan,Kinsey,Masters and Johnson,Darwin,Hite,Spock,Watson and Crick,Freud,Skinner,Pavlov,B,ori_mmlu-human_sexuality
"If a woman or man repeatedly experiences pain during intercourse, she will probably want to have intercourse infrequently or not all. In this situation, __________ would likely classify the pain as a punishment.",John Money,Carl Rogers,Erik Erikson,Ivan Pavlov,Sigmund Freud,Jean Piaget,Havelock Ellis,Abraham Maslow,B. F. Skinner,Albert Bandura,I,ori_mmlu-human_sexuality
"What seems to be the case when the folk saying ""opposites attract"" (i.e., dissimilar attitudes tend to cause liking) when it is considered in light of current research?",It seems to be true for heterosexuals but not for homosexuals.,It seems to be true for men but not for women.,It seems to be true for homosexuals but not for heterosexuals.,It seems to be true for women but not for men,It seems to be true for people with certain personality traits.,It seems to be true in some cultures but not in others.,It does not seem to be true.,It seems to be true only in certain situations.,It seems to be true for older adults but not for younger adults.,It seems to be true for younger adults but not for older adults.,G,ori_mmlu-human_sexuality
The egg can be fertilized until about _______ after ovulation.,48 hours,6 hours,36 hours,24 hours,1 month,1 week,12 hours,Immediately after ovulation,72 hours,2 weeks,D,ori_mmlu-human_sexuality
Secretions of Cowper's gland fluid at the tip of the penis are first evident:,during vasocongestion,prior to the refractory period,during the resolution phase,immediately after orgasm,during the excitement phase,during the plateau phase,prior to vasocongestion,immediately before orgasm,following orgasm,following the refractory period,F,ori_mmlu-human_sexuality
The onset (the very beginning) of labor is first triggered by,hormones secreted by the Mother's thyroid gland,hormones secreted by the Mother's hypothalamus,hormones secreted by the fetus' adrenal gland,hormones secreted by the Mother's adrenal gland,the placenta and uterus secretion of prostaglandins,hormones secreted by the Mother's pituitary gland,the placenta and uterus secretion of oxytocin,the placenta and uterus secretion of estrogens,hormones secreted by the fetus' pituitary gland,hormones secreted by the Mother's ovaries,C,ori_mmlu-human_sexuality
"An adult feels himself becoming aroused when looking at a child and realizes that the response is totally inappropriate, as a result he feels anxiety rather than arousal. This is an example of __________ according to Walen and Roth's cognitive model of the sexual response.",cognitive arousal,negative perception,positive perception,positive arousal,cognitive coherence,negative arousal,positive evaluation,negative evaluation,negative dissonance,cognitive dissonance,H,ori_mmlu-human_sexuality
"According to the Ethnocultural Communities Facing AIDS study, single _________ men are more likely than single _________ to report having had more than one sexual partner in the previous year.",Latin American; South Asian,Chinese; North African Muslim,Chinese; Latin American,English-speaking Caribbean; Chinese,North African Muslim; Latin American,English-speaking Caribbean; North African Muslim,North African Muslim; South Asian,South Asian; Chinese,South Asian; English-speaking Caribbean,Latin American; North African Muslim,I,ori_mmlu-human_sexuality
Penile or clitoral erection occurs because of activation of the _________ system.,apathetic,unsympathetic,allopathic,pathetic,empathetic,sympathetic,parasympathetic,homeopathic,allostatic,osteopathic,G,ori_mmlu-human_sexuality
The two principles that deal with questions of values are:,faith and science,faith and legal,religion and science,religion and ethics,legal and ethics,science and legal,legal and ethics,faith and religion,legal and religion,ethics and science,D,ori_mmlu-human_sexuality
Which of the following is the most common method of birth control for married couples in the U.S..,Contraceptive sponge,The diaphragm,Cervical cap,Abstinence,Emergency contraception,Birth control patch,Sterilization,The IUD,The rhythm method,Birth control implant,G,ori_mmlu-human_sexuality
What sexual act is prohibited in most societies?,sex without consent,sex during menstruation,sex with an animal,sex in public places,sex with a minor,sex with a dead person,sex for money,incest,masturbation,sex with a non-spouse if the person is married.,H,ori_mmlu-human_sexuality
An anatomical difference between males and females is:,females have larger hearts than males,males have many times the number of nerve endings in the penis that females have in the clitoris.,"males have an external sexual organ that gets engorged with blood, whereas females do not","males have one exit structure for urine and reproductive fluids, whereas females have two",males have a higher number of red blood cells than females,"males have ovaries, whereas females do not",females have more chromosomes than males,females have a larger brain size than males,males have a shorter lifespan than females,all of the above,D,ori_mmlu-human_sexuality
The feedback loop in men which regulates the production of sex hormones includes all but which of the following?,follicle-stimulating hormone,prolactin,oxytocin,progesterone,pituitary gland,hypothalamus,gonadotropin-releasing hormone,luteinizing hormone,testosterone,estrogen,C,ori_mmlu-human_sexuality
Castration in adulthood,will produce a high voice because it causes a decrease in muscle mass.,will produce a high voice because of the pain that accompanies the procedure.,will not produce a high voice because the testosterone levels are unaffected.,will not produce a high voice because the larynx has already grown.,will produce a high voice due to the psychological impact of the procedure.,will not produce a high voice because the voice pitch is determined by genetics.,will not produce a high voice because the procedure has no impact on the vocal cords.,will not produce a high voice because castration does not affect testosterone production.,will produce a high voice because of increased estrogen production.,will produce a high voice because of decreased testosterone production.,D,ori_mmlu-human_sexuality
Xena has been able to conceive but has repeatedly miscarried early in her pregnancies. Which of the following would be her best option for having a child?,egg freezing,intracytoplasmic sperm injection,artificial insemination,fertility drugs,zygote intra-fallopian transfer,surrogacy,gamete intrafallopian transfer,in vitro fertilization,embryo transfer,adoption,I,ori_mmlu-human_sexuality
"At about _________ months after conception, the gender of the fetus is clear from the appearance of external genitals.",8,9,3,11,4,1,5,2,6,7,E,ori_mmlu-human_sexuality
"When a woman thinks that she probably is a lesbian, she is at the:",exploration stage,understanding stage,denial stage,revelation stage,tolerance stage,confusion stage,curiosity stage,pride stage,confirmation stage,acceptance stage,E,ori_mmlu-human_sexuality
Persons with liberal attitudes about premarital sex are likely to:,none of the above,have liberal attitudes about same-sex relationships,abstain from sexual activity until marriage,engage in open swinging,have conservative attitudes about extramarital sex,engage in accidental extramarital sexual activity,all of the above,strongly disapprove of extramarital sex,have liberal attitudes about extramarital sex,encourage others to have conservative views on premarital sex,I,ori_mmlu-human_sexuality
Avalon had a wild time during spring break. Unfortunately the guy she hooked up with in Palm Beach had genital herpes. Which of the following is true about genital herpes?,Avalon will know immediately if she contracted genital herpes because of obvious symptoms.,If Avalon contracted genital herpes she can be cured with antibiotics if administered immediately after the first occurrence.,Avalon can only contract genital herpes if she has sexual intercourse with the guy.,Avalon is at no risk of contracting genital herpes if she used a condom.,If Avalon contracted genital herpes she will only be contagious when she has a break out.,"If Avalon contracted genital herpes, she will be immune to other sexually transmitted diseases.",Avalon could not contract genital herpes from performing fellatio (oral-genital sex) on the guy.,none of the above,"If Avalon contracted genital herpes, she could pass it on to others through casual non-sexual contact.",Avalon can prevent contracting genital herpes by taking antiviral medication immediately after exposure.,H,ori_mmlu-human_sexuality
It's 3:00 A.M. You are male. You awaken to urinate. Standing at the commode you are in extreme agony. Your penis feels as if it is on fire. You notice a yellowish discharge coming out of your penis after you finish urinating. Your moans have awakened your significant other. She comes running into the bathroom and asks you what is wrong. You tell her you probably have:,gonorrhea,syphilis,chlamydia,urinary tract infection,penile cancer,prostate infection,genital herpes,kidney stones,bladder infection,AIDS,A,ori_mmlu-human_sexuality
Romulo is on a crowded bus and he sees a woman near the door. Feeling a little saucy Romulo proceeds to rub up against the woman and is immediately aroused. Romulo's inappropriate behavior would be characterized as:,Narcissism,Voyeurism,Fetishism,Pedophilic Disorder,Transvestic Disorder,Sexual Sadism Disorder,Exhibitionism,Frotteurism,Sadomasochism,Masochism,H,ori_mmlu-human_sexuality
"Heterosexual fantasies about sexual activity never involve someone _________, and gay and lesbian fantasies never involve persons of __________",of the other gender; of the same gender,of the opposite gender; of the opposite gender,of the same gender; of the same gender,of the same gender; of the other gender,of the other gender; of the other gender,of the same gender; of the opposite gender,Both heterosexual and homosexual fantasies may involve persons of the same or other gender,Both heterosexual and homosexual fantasies may involve persons of the same gender only,Both heterosexual and homosexual fantasies may involve persons of the opposite gender only,of the opposite gender; of the same gender,G,ori_mmlu-human_sexuality
Which of the following is typically associated with having a vasectomy?,decreased sperm production,inability to maintain an erection,increased risk of prostate cancer,decreased testosterone production,increased risk of heart disease,normal orgasm,reduced rigidity of erections,infertility due to absence of sperm in semen,inability to produce semen,loss of sexual desire,F,ori_mmlu-human_sexuality
Which of the following sexual variations is probably the most dangerous?,Masochism,necrophilia,troilism,zoophilia,Sadism,asphyxiophilia,Frotteurism,Pedophilia,Exhibitionism,Voyeurism,F,ori_mmlu-human_sexuality
The follicular phase is to the __________ as the luteal phase is to the secretory phase.,secretory,ovulatory,menstrual cycle,proliferative,postovulatory,preovulatory,menstrual,premenstrual,endometrial,myometrial,D,ori_mmlu-human_sexuality
Erection in the male and vaginal lubrication in the female mark the __________ stage of sexual response.,resolution,relaxation,refractory,orgasm,pre-plateau,arousal,excitement,post-orgasm,recovery,plateau,G,ori_mmlu-human_sexuality
The placenta does all of the following except:,creates amniotic fluid for the fetus,supplies blood to the fetus,stimulates labor in the mother,supplies nutrients to the fetus,regulates the fetus's body temperature,produces antibodies for the fetus,removes waste products from the fetus,supplies oxygen to the fetus,directly feeds the fetus,secretes hormones,B,ori_mmlu-human_sexuality
"Benny is the head of a successful corporation. After a hard day at work during which he is under incredible pressure to perform well, he goes home to his wife who proceeds to spank him, tie him to their four poster bed, and tease him until he begs for intercourse. According to psychological theory, what is the most likely reason Benny finds this alluring?",He uses this behaviour to assert dominance in his personal life to compensate for his perceived lack of control at work.,His behaviour is a coping mechanism to deal with the stress of his job.,"He has an innate tendency towards sadomasochistic behaviour, which is unrelated to his work pressures.","As a child be became sexually aroused pretending to be a powerful executive, so he now becomes aroused at work and must discharge this when he gets home.","He is overwhelmed with pressures and responsibilities at work, and the masochistic behaviour allows him to escape from being an autonomous, separate individual.",He is secretly fascinated by violence and engaging in sadomasochistic behaviour is a relatively safe outlet for it.,He is subconsciously trying to recreate a traumatic experience from his past.,He is overcome with feelings of self doubt and his sadomasochistic behaviour allows him a safe outlet for that self doubt.,He is attempting to gain his wife's approval and affection through submission.,His behaviour is a result of a neurochemical imbalance in his brain.,E,ori_mmlu-human_sexuality
What are the experiences when a sexual addict has completed the sexual act?,(s)he immediately starts planning the next sexual act,(s)he feels ashamed and regrets their behavior,(s)he feels indifferent and emotionally detached,(s)he uses the fantasy of the behaviour just completed to become aroused again,(s)he quickly forgets about the act and moves on to other activities,(s)he experiences feelings of love and connection,(s)he experiences feelings of hopelessness and despair,(s)he experiences feelings of euphoria and excitement,(s)he feels relaxed and emotionally relieved,(s)he immediately becomes sexually aroused again and feels good about the behaviour,G,ori_mmlu-human_sexuality
Which of the following is/are likely to cause coital pain for BOTH men and women?,lack of sexual desire,infections,both A and B,vaginismus,erectile dysfunction,menopause,foreskin too tight,premature ejaculation,both A and C,both B and C,B,ori_mmlu-human_sexuality
The endometrium grows and thickens during:,the secretory phase,the follicular phase,the proliferative phase,postmenopause,menopause,pregnancy,menstruation,ovulation,the luteal phase,the menstrual cycle,B,ori_mmlu-human_sexuality
Which of the following events INITIATES puberty?,adrenal gland releases adrenaline,pituitary gland releases FSH,hypothalamus releases GNRS,hypothalamus releases LH,pituitary gland releases prolactin,pancreas releases insulin,pituitary gland releases TSH,adrenal gland releases cortisol,pituitary gland releases growth hormone,hypothalamus releases serotonin,C,ori_mmlu-human_sexuality
Shaggy has a fantasy about digging up a recently buried woman and having sex with her. He told his friends this and they encouraged him to get therapy. As part of the treatment he masturbates to his fantasy and at the last moment before orgasm he switches to a fantasy about having sex with a living woman. This procedure is part of the process of:,aversive conditioning,flooding therapy,behavioral activation therapy,covert sensitization,sexual addiction therapy,orgasmic reconditioning,biofeedback therapy,cognitive behavioral therapy,desensitization therapy,exposure therapy,F,ori_mmlu-human_sexuality
How many centimetres must the cervix dilute to before a baby can be born?,8,35,25,15,20,30,5,10,18,12,H,ori_mmlu-human_sexuality
"From 1988 to 1990 among heterosexuals in the US, the number of unmarried adults aged 20 to 45 who report having multiple partners has:","declined for men, and remained the same for women","increased for men, but not for women",declined for both men and women,"increased for men, and remained the same for women","increased for women, but not for men","remained the same for men, but declined for women","declined for men, but not for women",remained the same for both men and women,increased for both men and women,"declined for women, but not for men",C,ori_mmlu-human_sexuality
What are the three dimensions of intimacy in romantic relationships that outline closeness and sharing?,"mutual self-disclosure, sexuality, and trusting","becoming emotional, caring, and physical","affective, emotional, and sexual","emotional, caring, and trustful","affective, trusting, and friendship","cognitive, physical, and emotional","trust, caring, and sexuality","affective, cognitive, and physical","affective, cognitive, and sexual","emotional, rational, and friendship",H,ori_mmlu-human_sexuality
Menstruation is triggered by...,...a sharp increase in testosterone levels,...a sharp increase in estrogen levels,...a sharp decrease in testosterone levels,...a steady increase in estrogen and progesterone levels,...a steady decrease in progesterone levels,...a sharp increase in estrogen and progesterone levels,...a sharp increase in progesterone levels,...a steady decrease in estrogen and progesterone levels,...a steady increase in estrogen levels,...a sharp decrease in estrogen and progesterone levels,J,ori_mmlu-human_sexuality
Female sterilization inhibits _________ production.,progesterone,none of the above,insulin,prolactin,follicle stimulating hormone,estrogen,luteinizing hormone,egg,testosterone,oxytocin,B,ori_mmlu-human_sexuality
Another term for sexual self-stimulation is:,b and c,self-sexualization,masturbation,autoeroticism,self-pleasure,auto-arousal,self-eroticism,a and b,sexual self-exploration,auto-sexuality,H,ori_mmlu-human_sexuality
About ___ % of adolescent males have homosexual experiences during their teenage years.,30,90,5,50,80,70,10,20,40,60,G,ori_mmlu-human_sexuality
Hormones are secreted:,into the tissues surrounding the glands where they were manufactured,into the stomach and then are digested and travel throughout the body,into the brain for processing before being distributed,into the ovaries and testes,into the hair follicles and travel along the hair shafts,into the skin and absorbed through the pores,into the air and inhaled by the individual,directly into the bloodstream,into the saliva and are swallowed and digested,into the lymphatic system,H,ori_mmlu-human_sexuality
"By 28 days after conception, the embryo is about __________ centimetres long.",3,2.5,0.5,1,0.8,6,4.5,2,5,4,D,ori_mmlu-human_sexuality
Keith is really anxious about a big presentation he has to give at work tomorrow. As a result tonight he is having trouble getting an erection. Which of the following BEST explains why Keith might be having this problem?,relaxation inhibits the parasympathetic system,anxiety inhibits the sympathetic system,anxiety increases blood flow to the lower spinal cord inhibiting vasocongestion,relaxation is necessary for vasocongestion,anxiety decreases blood flow to the upper spinal cord inhibiting vasocongestion,anxiety causes an increase in adrenaline which promotes arousal,anxiety causes retrograde ejaculation which inhibits arousal,Keith's problem is not related to his anxiety but due to physical issues,relaxation causes retrograde ejaculation which inhibits arousal,anxiety causes an increase in testosterone which inhibits arousal,D,ori_mmlu-human_sexuality
A person with a rating of 4 on the Kinsey scale would be classified as:,mostly heterosexual with incidental homosexual experience,mostly asexual with incidental heterosexual experience,heterosexual with incidental homosexual experience,asexual with incidental homosexual experience,mostly homosexual with incidental heterosexual experience,bisexual with substantial homosexual experience,homosexual with substantial heterosexual experience,exclusively homosexual with no heterosexual experience,equally homosexual and heterosexual,heterosexual with substantial homosexual experience,G,ori_mmlu-human_sexuality
The refractory period occurs in males during the ______ stage.,afterglow,foreplay,excitement,arousal,orgasm,refractory,stimulation,erection,plateau,resolution,J,ori_mmlu-human_sexuality
In men gonorrhea and chlamydia most often infect the:,scrotum,vas deferens,penis,bladder,seminal vesicles,epididymis,prostate,rectum,testicles,urethra,J,ori_mmlu-human_sexuality
Which method of abortion is most costly and carries the greatest risk of complications?,manual vacuum aspiration,saline-induced abortion,medical abortion with misoprostol,hysterotomy,suction aspiration,dilation and curettage,medical abortion with methotrexate and misoprostol,mifepristone abortion,dilation and evacuation,prostaglandin abortion,D,ori_mmlu-human_sexuality
Miss Jones has been concerned about her health lately. She has noticed some itching and skin irritation around her genitals. Given her promiscuous sexual history she suspects that she has contracted:,herpes,trichomoniasis,pubic lice,syphilis,genital warts,HIV/AIDS,yeast infection,chlamydia,bacterial vaginosis,gonorrhea,C,ori_mmlu-human_sexuality
"Over the past several decades, attitudes toward premarital sex have __________; attitudes toward extramarital sex have __________.",become more permissive; remained constant,remained constant; become less accepting,remained constant; become more permissive,become more more permissive; become less accepting,become less permissive; become more accepting,remained constant; remained constant,become less permissive; remained constant,become less accepting; become more permissive,become more permissive; become more accepting,become less accepting; become less accepting,D,ori_mmlu-human_sexuality
