Mass-society theory suggests that:,the content of the media is determined by market forces,the subordinate classes are dominated by the ideology of the ruling class,"the media manipulate 'the masses' as vulnerable, passive consumers",audiences make selective interpretations of media messages,C
The ecological approach to urban sociology involved studying:,how social groups colonized different areas of the city and competed for resources,the forms of wildlife and natural habitats that could be found on the edges of the city,the way in which people organized collective protests about environmental issues,how men and women used the city's public spaces differently,A
Becker proclaimed that cannabis use was:,increasing throughout all sections of youth in the 1970s,learned gradually through the social processes of a deviant career,a dangerous pastime that young people should not be allowed to pursue,not as enjoyable as other sociologists had suggested,B
The middle classes that developed over the nineteenth century were:,"an urban set, involved in civic bodies and voluntary associations",too diverse to have a strong sense of class consciousness,often involved in 'white collar' work,all of the above,D
Technological forms of surveillance have made it easier to:,access and exchange 'private' information about consumers,reduce prison overcrowding by the use of electronic tagging,monitor employees' activities at work,all of the above,D
The concept of gemeinschaft developed by Ferdinand Tönnies describes basically the same relational characteristics as,organic solidarity,mechanical solidarity,gesellschaft,anomie,B
There was a growth in income inequality in the 1980s because:,rates of income tax increased equally for all occupational groups,there were more professional jobs available but not enough people to fill them,the price of consumer goods rose at a higher rate than earnings,growing unemployment made more people dependent on welfare benefits,D
"If a deviant act is 'normalized', it is:",recognised as breaking an important norm of behaviour,seen a temporary aberration from an otherwise 'normal' character,the first step in establishing a deviant career,attributed to the person's genetic or anatomical make up,B
"In the debate about the 'managerial revolution', John Scott (1997) argued that:",owners still exercised control through groups of shareholders and interlocking directorships,ownership and management were becoming increasingly separate functions,the techniques of scientific management were overly bureaucratic and inefficient,managers were becoming dissatisfied with their working conditions and planned to overthrow the owners of businesses,A
Marxist feminists explain patriarchy in terms of:,a lack of equal rights and opportunities for men and women,"sex classes, through which men oppress women economically, politically and sexually",women's domestic labour being exploited by the capitalist economy,the dual systems of capitalism and male domination,C
Which of the following was not defined by Giddens (1998) as part of New Labour's 'third way':,the democratization of the family,putting an end to privatization,"positive welfare: 'a hand up, not a hand-out'",the strengthening of civil society,B
Anti-psychiatrists like Laing & Esterson believed that:,Psychiatry was an out-moded form of treatment and should be replaced by alternative therapies like aromatherapy and kinesiology,"Mental illnesses were biological in origin, so there was no point in studying 'the mind' as experienced by the patient",Psychiatrists were agents of capitalism who tried to instill ruling class ideology into their patients,Behaviour that seemed bizarre could be seen as a reasonable response to disturbed patterns of family interaction,D
Butler & Stokes (1969) suggested that working class support for the Labour Party arose from:,socialization into working class families and communities,rational calculation of self-interest,issue-based concerns about culture and lifestyle,false consciousness and the acceptance of hegemonic values,A
"In contemporary societies, social institutions are:","highly specialized, interrelated sets of social practices",disorganized social relations in a postmodern world,virtual communities in cyberspace,no longer relevant to sociology,A
The term 'emotion work' (Hochschild 1983) refers to:,the techniques used to consciously manage and present emotions that are deemed appropriate for public settings of interaction,"the work done by psychologists, counselors and therapists to help clients with mental and emotional problems","experiences such as grieving and falling in love, which demand a lot of emotional energy from a person",the way in which increasing levels of risk and anxiety have made us think more reflexively about our self-identities,A
"When sociologists study the structure of layers in society and people's movement between them, they call this:",social stratification,social control,social conflict,social solidarity,A
"The four ideal types of social action that Weber identified were as follows: instrumentally-rational, value-rational, traditional, and...",affectual,affective,effective,infected,A
An ecclesia is:,a religious organization that claims total spiritual authority over its members,a church organized around voluntary rather than compulsory membership,a sect or cult with a very small following,a hierarchy of priests or other spiritual leaders,A
"After slavery was abolished in the USA and British Empire, policy makers claimed that former slaves migrating to these cities would experience:",assimilation,adaptation,discrimination,compensation,A
Sutherland's study of the 'professional thief' suggested that:,people are socialized into a life of crime by associating with others who define it in positive terms,the majority of crime is committed by middle class people in professional occupations,those who were arrested and charged with theft did not define themselves as thieves,the most dangerous criminals on the street were those who were highly skilled thieves,A
Which of the following policies did the New Labour government not pursue?,setting and streaming pupils by ability,parental choice of school,supporting LEAs that appeared to be failing,state regulation and control of the curriculum,C
"Stone's research suggests that prior to industrialization, the nuclear family:",did not exist in any form,"had begun to disappear, as extended networks of kin became more important",had begun to emerge through the separation of work and home life,was simply another institution of patriarchal control,C
"Statistics about rural, suburban, and urban patterns of development and mobility are almost always reported based on a geographical area labeled as Metropolitan Statistical Areas (MSA). What constitutes an MSA?",It includes only the 10 largest cities in the United States.,"It is composed of at least one central city with a population of at least 50,000 and it surrounds densely urbanized counties.",It is an area that experiences strong storms at least 50 percent of the year.,It is a large city with a population of at least 1 million and is immediately surrounded by suburbs.,B
Mosca and Pareto identified the ruling elite as:,a minority group who fill all the top positions of political authority,a coalition of social forces with specific skills and abilities,a group who circulate between high status positions and exclude others,all of the above,D
Bourdieu attributed the reproduction of class to:,cults of the capital,capital culture,cultural capital,culpable capture,C
Secularization involves the two related ideas of:,disappointment and disproportion,disbelief and disintegration,disengagement and disenchantment,distribution and distillation,C
The general fertility rate fell between 1964 and 2000 because of:,increases in the age of marriage and the age at which childbearing begins,there being fewer women of childbearing age than there were in the first half of the century,errors in the measurement of birth rates and production of statistics,"the risk of diseases caused by poverty, poor housing and bad sanitation",A
Howard's idea of the garden city consisted of:,six small towns surrounded by green belts and linked to a larger central city,"planning cities to have plenty of trees, flowers and public gardens",each privately owned house to have its own front and back garden,tower blocks to displace the population vertically and leave most of the land available as green open spaces,A
The 'third age' of the life course is said to involve:,active non-work and independence after retirement,"full time employment, family-building and adult responsibility","illness, isolation and increasing dependence on others","the transition from education to work, and distinctive youth cultures",A
Weber (1919) said that the state's monopoly of the use of force was legitimated by:,charismatic authority,rational-legal authority,traditional authority,value-rational authority,B
Sullivan's (2000) study suggested that the proportion of housework men did was greatest when:,they had rediscovered themselves as 'new men',their wives were at home and nagged them all the time,exciting gadgets like the hoover and electric iron were invented,they were unemployed or both partners worked full time,D
The shift from custodial to joint parenthood after divorce means that:,fathers are more likely to be absent from their children's lives,one parent has total responsibility for the child's welfare and socialization,both parents are expected to co-operate in the continued care of their children,parents must provide for all of their children in equal measure,C
Émile Durkheim believed the primary focus of sociology should be which of the following?,Social action,Social facts,Class relations,Cultural dynamics,B
"The term ""sociology"" was coined in the early 1800s by which of the following?",Auguste Comte,Robert K. Merton,Karl Marx,Emile Durkheim,A
"In their study of depression, Brown & Harris (1978) found that:",women's susceptibility to stress depended on their levels of social support,self-reported depression is highest amongst men and the relatively affluent,men and women have fairly similar levels of diagnosed depression,men are more vulnerable to depression because of conventional gender roles,A
The alternative form of 'network organization' means that:,work can be subcontracted out to independent suppliers and retailers,business transactions occur only through electronic communication,"the Japanese model is applied, through lateral networks of flexible roles",activities are redistributed equally between men and women,A
Margaret Mead suggested that:,adolescence and gender roles varied between societies and so were culturally determined,gender roles in three New Guinea societies were identical and so must be biologically determined,adolescence in the USA is a time of relative calm compared to the experience in Japan and Europe,anthropological fieldwork can be problematic because the researcher's values affect the way they interpret their observations,A
The term 'secondary deviation' refers to:,the punishment or stigmatization of deviant acts,the labelling of an act as deviant through social reactions to it,the ways in which taking on a deviant role affects future action,all of the above,D
The effect of the Internet upon the public sphere has been to:,"repress it, by promoting only the interests of elite groups","revive it, by reaffirming a commitment to freedom of speech","reproduce it, by emphasizing face-to-face contact with peer groups",replace it with a superior form of communication,B
Weber said that the 'spirit of capitalism' could be traced back to:,the movement towards religious pluralism,inspirational Protestant groups who revived religious ideas,new religious movements who rejected traditional forms of labour,Calvinists who engaged in ascetic practices to gain signs of salvation,D
The terms 'crisis of the 1970s' is used to refer to:,declining profits and rising unemployment,the eradication of the welfare state,rising divorce rates and the decline of the traditional family,an unfortunate twist in fashion sensibility,A
The Macpherson Report highlighted the increasing problem of:,hate crimes: violence against ethnic minorities simply because of their race,institutional racism: systematic forms of disadvantage built into the routines and practices of social institutions,overt racism in the police force that must be tackled by institutional reforms,growing numbers of asylum seekers in need of long term accommodation,B
Seven people standing silently while waiting for a bus at a bus stop is an example of which of the following?,A primary group,A secondary group,An aggregate,A social category,C
Environmentalist social movements are global in the sense that:,they increase our awareness of risks that affect the whole planet,they appeal to universal values and human rights,they use global media to generate publicity,all of the above,D
Chodorow (1978) argued that gender socialization occurred through:,"both boys and girls being closely attached to their mothers, but then boys breaking away",girls being attached to their mothers but then breaking away,boys being attached to their fathers and girls to their mothers,"both boys and girls being closely attached to their fathers, but girls breaking away",A
The 'new man' of the 1980s was alleged to be:,"sensitive, caring, and emotional","laddish, aggressive, and violent",a strong and dependable breadwinner,openly bisexual and proud of it,A
"In the 1960s, comprehensive schools did not eradicate class inequalities in education because:",they tended to recruit pupils from the inner cities and traditionally working class areas,"selective schools could still 'cream off' the most able pupils, while the comprehensives put children into ability streams","teachers in comprehensive schools used the restricted code in the classroom, whereas working class pupils used elaborated codes of speech",national testing and league tables made the new schools highly competitive and selective,B
"In idealized views of science, the experimental method is said to involve:",testing out new research methods to see which one works best,isolating and measuring the effect of one variable upon another,using personal beliefs and values to decide what to study,"interpreting data subjectively, drawing on theoretical paradigms",B
An 'open' society is one that:,grants every member equal status,does not have any official secrets in its government,has permissive attitudes towards sexual behaviour,allows people to move between levels of the hierarchy,D
The Nation of Islam group appealed to:,British-born second generation immigrants from the Asian subcontinent,White Americans who wanted to convert to Islam,African-Americans who felt excluded from the 'ethnic melting pot' in the USA,African-Caribbeans who lived in the inner cities and had a distinctive youth culture,C
Comte's term 'positivism' refers to:,a theory that emphasizes the positive aspects of society,"the precise, scientific study of observable phenomena",a theory that posits difficult questions and sets out to answer them,an unscientific set of laws about social progress,B
Theories of racialized discourse suggest that:,race is an objective way of categorizing people on biological grounds,the idea of race is socially constructed through powerful ideologies,race relations in Britain and America can be traced back to colonial times,people choose their racial identity and this becomes fixed,B
"A major car accident occurs. One man stops his car and starts helping people. After seeing him stop, others also stop and start helping. Which of the following theories best explains the scenario?",Convergence,Emergent-norm,Contagion,Value-added,B
A new highway extends from a major city though an area used for farmland. Which of the following is most likely to happen as a result?,Farmers will increase the acreage under production.,The city will evolve into a multiple nuclei model.,Suburbanization will develop because the time it takes to commute to the city has been decreased.,"People from the countryside will move to the city, depopulating the farmland region.",C
"According to W. E. B. Dubois, progress for African Americans in the aftermath of slavery",depended on the small group of African Americans receiving the same thorough and extensive education as the most talented White Americans were able to access,"involved their use of skills they already had from farming, domestic work, and labors of rural life rather than being forced to learn new skills in the late 1800s",required that they be trained and prepared as craftspeople and service employees so they could become immediately self-sufficient,"required them to move to large cities where they would be accepted as equals in government, religion, and education",A
Pluralist theories suggest that:,the state's power can be exercised through several different administrative structures,the ruling elite is composed of people from various class backgrounds,political parties must compete for the votes of 'consumers' in the electorate,there is a close alignment between class background and party preference,C
The term 'over-urbanization' means that:,life in modern Western cities is so far removed from that of the Third World that we find it difficult to understand these societies,"in poorer countries, the rapidly developing cities drain resources from the rural areas",the extent to which urbanization affects development has been exaggerated,governments are so preoccupied with urbanization in the West that they forget to attend to problems in the Third World,B
The capitalist class of the mid-twentieth century were said to join the upper class because they:,participated in the same leisure pursuits and events of the 'social calendar',emulated the lifestyle and cultural values of the traditional aristocracy,owned companies and financial assets that generated wealth through corporations,"had direct, personal ownerships of land and businesses as physical assets",C
The term inter-generational mobility refers to:,movement into a different occupational category over a person's lifetime,movement into different occupational categories between generations,movement into a higher occupational category,movement into an occupation that generates a lower income,B
"The term 'culture industry', used by members of the Frankfurt School, referred to:",the globalization of culture through new technologies,the way in which cultural products were bought and sold for profit,the development of subcultures and counter-cultures in society,the way in which industrialization had created new means of communication,B
"According to Hakim (1995, 1996), the majority of part-time work is done by women because:",part-time jobs pay relatively high wages and so are financially beneficial,they make a rational choice to combine employment with their 'home-centred' lives,"their choices are constrained by structural factors, such as being unable to afford childcare",full time work is not available in the kinds of occupations that they want to enter,B
A sect is organised around:,"beliefs that can be challenged by members, a charismatic leader, and openness to new recruits",tolerance towards other religions and the separation of church and state,"voluntary membership, democratic leadership, and high levels of emotional commitment",the idea of the secular world itself as being sacred,C
What is the name of the process by which we acquire a sense of identity and become members of society?,rationalization,colonization,McDonaldization,socialization,D
Pre-testing a questionnaire is useful for:,finding out which topics are important to the respondents,testing out your computer and printer,identifying any problems with the question wording and routing,deciding which respondents to leave out of the final sample,C
Judith Butler (1999) suggested that:,sexual characteristics are the biological determinants of gender,"heterosexuality and homosexuality are essential, opposing identities",the 'two-sex' model replaced the 'one-sex' model in the eighteenth century,gender is performed through bodily gestures and styles to create 'sex',D
Patterns of drug use in Britain reveal that:,it has increased and is no longer confined to a hedonistic youth subculture,the most commonly used recreational drug is Ecstasy,teenage girls are more likely to experiment with hard drugs than teenage boys,"despite a series of moral panics, the use of illegal drugs is very rare",A
Murray thought that the 'underclass' consisted of people who:,formed an inferior 'race' with low levels of intelligence,lived morally unsound lives of crime and squalor,were too reliant upon welfare benefits,all of the above,D
"Religious organizations such as the Church of Norway, Islam, the Church of England, and the Church of Greece have which of the following characteristics in common?",They are cultures as well as churches.,They practice separation of church and state.,They exclude women as clergy.,They are monotheistic.,D
"A researcher mailed 1,000 questionnaires to members of a labor union and received 300 back. Most of those who returned the questionnaires indicated that they were dissatisfied with the union. Results based only on the returned questionnaires are most likely contaminated by",response rate bias,researcher bias,confusing correlation and causation,statistical regression,A
Role-learning theory suggests that,we internalise and take on social roles from a pre-existing framework,we create and negotiate our roles through interaction with others,social roles are not fixed or stable but fluid and pluralistic,roles have to be learned to suppress unconscious motivations,A
Post-modernist writers have argued that:,"we live in a world of superficial, fragmented images",no theory is better than any other: 'anything goes',society has changed and we need new kinds of theory,all of the above,A
"Leroy visits his parents, who live in a primarily African American working-class neighborhood. During his visit, he notices that the community is changing. Several developments have been built to accommodate single-family homes, and upscale shopping centers have been added. While Leroy appreciates these changes, he is worried that his parents will not be able to afford to continue living in their neighborhood because property values are rising. Which of the following best explains what is happening to Leroy's old neighborhood?",Gentrification,Urbanization,White flight,The demographic transition,A
Warner's study of the city of Natchez in the American Deep South showed that the 'colour line' there was:,no longer a powerful influence upon race relations,a way of marking out the land so that black people had less space for housing,a new policy that had been introduced to assimilate black and white groups,"a sharp division between black and white castes, underpinned by beliefs about white superiority",D
The social construction of childhood can be traced back to:,the introduction of compulsory education,increasingly emotional ties between parents and children,"new consumer goods for children, such as clothes, toys and books",all of the above,D
"In Marx's theory, the 'mode of production' means:",the way in which products are made in a factory,the average measure of productivity under capitalism,the organization of a society's technical and human resources,an integral part of the superstructure of a society,C
The trend of decarceration involves:,community alternatives to imprisonment and institutional care,the increased use of imprisonment as the main form of punishment,transferring the management of prisons to private companies,decentralized organization due to the mobility of capital,A
The work of Smart suggested that:,the rates of violent crime were similar for men and women,women's sexual delinquency was more likely to be normalized than men's,women's criminal behaviour tended to reflect traditional gender roles,all of the above,C
Allen's (2001) study of nurses showed that:,nurses perform a great deal of emotional labour for which they are not paid,the policies of Project 2000 had the effect of de-professionalising the career of nursing,"more men were moving into nursing, which challenges some of the prevailing stereotypes about the occupation",the role of the nurse was ambiguous and had to be constantly redefined in the context of everyday interactions with other staff and patients,D
Which of the following best describes the practice of placing the blame for the problems of a society on one particular group?,Ethnocentrism,Stereotyping,Scapegoating,Institutionalization,C
"Dahrendorf, Rex, and Habermas focused their attention on:",social solidarity and cohesion,the interpretive understanding of action,women's experiences and gendered knowledge,"power, domination, and conflict",D
Sreberny-Mohammadi (1996) argues that national cultures can resist American cultural domination of the media by:,"domesticating its content, including more 'home-produced' programmes",controlling the distribution of imported products by banning satellite dishes,creating 'reverse flows' of their own programmes back to imperial societies,all of the above,D
Mulholland (1998) argued that privatization changed the relationship between companies and managers in that:,flexibility was reduced by the introduction of detailed daily worksheets,the state had greater control than managers over production processes,ownership was transferred from small shareholders to senior managers,employment depended on performance rather than trust and commitment,D
Which of the following is consistent with results of current research conducted in the area of gender roles and the workplace?,"In about a quarter of households with children, men stay home with the children so their wives can work.","Most women believe that there is equal opportunity today between men and women in career choice, advancement, and income.",Most men believe that women should be homemakers because men earn more money.,Most men married to working women do not share housework and childcare obligations equally with their working wives.,D
Socialization is:,the formation of an attachment bond between an infant and its carer,a tendency of social theorists to explain everything in terms of social causes,the process of becoming part of a society by learning its norms and values,the historical process by which societies change from traditional to modern,C
The term 'assets' refers to:,the culturally valued commodities and standards of living that make the poor feel relatively deprived,the flow of money a person receives from their salary or wage,"a stock of economic resources, including land, shares and bank deposits",the 'slices' of the population who own differing amounts of wealth,C
"In the traditional hierarchy of status and precedence, which of these members of the upper class are in the right order (from highest to lowest status)?","Prime Minister, Archbishop of York, Viscounts of England","Marquesses of England, Earls of Great Britain, King's Brothers","Esquires, Serjeants of Law, Dukes' Eldest Sons","King's Grandsons, Lord High Treasurer, Companions of the Bath",D
Social norms are:,"creative activities such as gardening, cookery and craftwork",the symbolic representation of social groups in the mass media,religious beliefs about how the world ought to be,rules and expectations about interaction that regulate social life,D
The 'nuclear family' means:,a group of people sharing living accommodation and meals,a network of relatives extended within or between generations,the new family created when an adult leaves home and gets married,a two generation unit of parents and their children,D
The rise of new social movements indicates that:,people vote according to pragmatic issues and concerns,consumer identities are more important than class identities,"personal, cultural and environmental issues can mobilise political consciousness just as much as economic interests",all of the above,D
Which of the following sociological perspectives views society as a system of interdependent and coordinated parts?,Functionalism,Conflict theory,Symbolic interactionism,Role theory,A
Post-Fordist forms of media production and consumption involve:,the mass production of standardized products for passive audiences,television based on producer-broadcaster rather than publisher-broadcaster models,a diverse range of products aimed at niche markets,increasing numbers of advertisements for motoring and car-related products,C
Marx said that the development of the labour movement through factory-based production would turn the working class into:,a class in itself,a class by itself,a class for itself,a ruling class,C
"In stage 3 of the 'health transition', the main causes of illness and death are:","acute, infectious diseases such as typhus, measles and cholera",respiratory diseases such as pneumonia and asthma,"chronic, degenerative diseases, such as cancer, heart disease, and strokes",too diverse to put into one category,C
Sociologists like Bordo (1993) have attributed the 'epidemic' of anorexia in Western cultures to:,"a generally ascetic, frugal lifestyle that can be taken to extremes","traditional images of women as emotional, domesticated, and unassertive","the social construction of mental illness, through which 'normal' patterns of behaviour are pathologized","the new ideal of independent, self-assured femininity, combined with cultural values of achievement and control",D
One of the difficulties in 'operationalizing' concepts like social class is that:,"definitions and indicators can vary, making valid comparisons problematic",there are no reliable indicators of such widely contested ideas,it takes all the fun out of armchair theorising,"it has little use for applied, empirical research about the topic",A
"In the 1990 reform of the National Health Service, hospitals became:",self-governing trusts competing for purchasing contracts from health authorities,"state-controlled providers, dependent on funding from the central government",increasingly detached from health authorities and providers of private health care,"less inclined to run themselves efficiently, as demand for health care was falling",A
Law and order was privatized in the 1980s and 1990s through:,the expansion of private security companies,the building of private prisons,the introduction of market disciplines to measure police performance,all of the above,D
The 'correspondence principle' (Bowles & Gintis) suggests that:,schools prepare children for work by teaching them to be obedient,teachers and parents tend to have similar attitudes to learning,children who write lots of letters develop a better grasp of language,boys' and girls' educational achievements have recently become similar,A
Class segregation was apparent in mid-twentieth century Britain insofar as:,middle class owner-occupiers moved into the inner city through gentrification,"working class communities formed in the inner cities, while the middle classes moved out to the suburbs",the middle classes lived in the countryside while the working class lived in the city,"the upper and middle classes dominated public space, while working class people were more home-centred",B
Charles Cooley's theory of the looking-glass self emphasizes,the manner in which young children come to a realization that they have a separate identity,the difficulty one experiences in seeing oneself as others do,how one's self-concept is based on one's perception of how others see one,how one's self-concept is heavily influenced by one's physical appearance,C
Queer Theory makes the claim that:,heterosexuality is the normal and most desirable way to be,"the sexual categories and discourses we use are based upon true, underlying biological differences",deviant forms of masculinity are seen as more threatening to the gender order than deviant forms of femininity,"all sexualities are pluralistic, fragmented and frequently reconstructed",D
Scott (1991) introduced the term 'power elite' to describe:,"the ruling class, or bourgeoisie, who exploit the proletariat",a capitalist class dependent on property ownership and advantaged life chances,an alignment of classes with shared interests but no state power,a state elite whose members are drawn overwhelmingly from a power bloc,D
"A sociologist is conducting research on institutional power relations at a local hospital. The sociologist is on staff at the hospital for several weeks, recording data as field notes. This method of research is called",experimentation,secondary data analysis,participant observation,survey administration,C
"In Symbolic Interactionist theory, Mead defined the 'generalized other' as:",the group of structural theories of society that he was reacting against,the overall impression of ourselves that we try to give off to others,a significant figure in early childhood who teaches us the general values of society,an image of how people in the wider society might perceive our behaviour,D
"According to Davis (1995), women may seek cosmetic surgery because:",they have a deep-rooted sense of ineffectiveness and are striving for control,"they are in pursuit of the 'perfect' body, fuelled by images of beauty","they perceive a part of their body as stigmatizing, in relation to a cultural ideal",their male partners pressurize them to look like supermodels,C
Marx (1844) claimed that capitalism had alienated workers from:,the product they were making,the production process,each other and humanity in general,all of the above,D
Herberg's (1955) study of religion in America suggested that:,ethnic minorities practised religion to achieve social acceptance in the culture,mainstream faiths were becoming increasingly identified with national identity,the moral teachings of the main religions were becoming relatively similar,all of the above,D
Structural-Functionalists describe society as:,a complex network of interaction at a micro-level,"a source of conflict, inequality, and alienation",an unstable structure of social relations,a normative framework of roles and institutions,D
Booth's (1901) study revealed that the percentage of people in London who were living in poverty was:,30.70%,27.50%,18.60%,33.20%,A
Traditional working class identity was based around:,shared working conditions in the manufacturing industry,the class consciousness of members of the proletariat,"local communities, extended kinship networks and shared leisure pursuits",collective aspirations to move into the middle class,C
Bernstein thought that using 'restricted codes' of language disadvantaged pupils at school because:,this pattern of speech made them the target of bullying,"they referred to explicit, context independent meanings",they prevented children from communicating outside of their peer groups,"they involved short, simple sentences with a small vocabulary",D
Telework is a form of employment that involves:,running one's own business through telephone helplines or hotlines,"working at home for an outside employer, using information technology","babysitting and other jobs within a local network, through the informal economy",combining non-manual work with the leisure activity of watching television,B
Frank (1967) made the claim that 'underdeveloped' societies were:,insufficiently involved in the international capitalist economy,reluctant to surrender their traditional ways of life,economically dependent on the wealthy countries that exploited them,the 'metropoles' to which 'satellite' countries were attached,C
The case of the former Soviet Union supports Kerr et al.'s (1960) claim that:,totalitarian regimes are incompatible with the requirements of advanced industrial technology,democratic governments serve the interests of a ruling elite,advanced industrial technology strengthens the power of totalitarian regimes,communist societies disperse power between various political parties,A
The print revolution of the nineteenth century resulted in:,"mass production, mass circulation, and the decline of serious content",the public ownership of newspapers as a shared resource,more people going to the cinema as a new leisure activity,a reduction of 'virtual communities' on the Internet,A
The term 'feminist standpoint' suggests:,taking a stand on the issues neglected by feminism,studying society from the perspective of women,the recognition of difference and diversity in women's lives,a tendency to ignore the gendered nature of knowledge,B
Ethnographic research produces qualitative data because:,the findings are amenable to statistical analysis,it is conducted over a period of several years,"it uncovers rich, detailed accounts from an insider's perspective",it compares findings from a number of different cases,C
Marx proclaimed that religion would disappear when:,a new trend of moral individualism became established,a socialist revolution removed the need for capitalist ideology,church attendance dropped below 15%,people came to believe more in science and technology,B
Which of the following is not a feature of globalization?,an increasing awareness of the world as a whole,the extended power of nation states,the destruction of distance through communications technologies,the stretching of social relations beyond national boundaries,B
Someone who gains a higher (or lower) social position than he or she was born into has experienced,absolute poverty,relative poverty,vertical mobility,horizontal mobility,C
A survey should avoid asking:,fixed-choice questions,short questions,leading questions,funnelled questions,C
"The theory of development which suggests that societies move from traditional to modern, industrial forms of organization is called:",Westernization theory,Modernization theory,Industrialization theory,Dependency theory,B
"In modern societies, social status is typically measured by a person's:",age,income,verbal fluency,occupation,D
Sociology differs from common sense in that:,it focuses on the researchers' own experiences,it makes little distinction between the way the world is and the way it ought to be,its knowledge is accumulated from many different research contexts,it is subjective and biased,C
World-affirming religions:,embrace conventional cultural values but offer new means of achieving them,react against the loss of any meaningful religious content in the teachings of churches,adopt an attitude of mild disapproval towards mainstream social values,reject both the goals and means of conventional society and provide utopian alternatives,A
The 'extension pattern' that Parker (1976) identified was said to be:,"the lifestyle of clerical and unskilled manual workers, who saw leisure time as a chance to escape from alienating work","characteristic of professionals and skilled workers, whose work interests spilled over into leisure time","a neutral balance between work and leisure as neither connected nor oppositional, as evidenced by semi-skilled manual and clerical workers",the tendency of students to leave essay-writing until the last minute and then ask for an extended deadline,B
Weber defined a 'class situation' as:,the exploitation of the working class by their capitalist employers,a social group's consciousness of their status and life chances,"a person's position in the capital, product and labour markets, based on their economic resources","the lifestyle of a social class, as defined by patterns of consumption",C
The introduction of market principles to educational policy in the 1980s resulted in:,more funding for students in higher education,the delegation of power and budgetary control to LEAs,a reduction in parental choice of school,increased state regulation through national testing and inspections,D
Smith & Tomlinson argued that:,differences in ethnic background were more significant than class or gender in predicting educational achievement,racism in schools undermined the move towards equality of opportunity for children from ethnic minorites,school character far outweighed ethnic background in determining educational success,gender differences in educational achievement could be attributed to inequalities of class,C
The 'post-industrial society' identified by Bell (1973) involved:,the increasing power of trade unions in resolving industrial disputes,a resurgence of interest in industrial production and manufacturing,"a shift towards a service economy, based on knowledge and information",all of the above,C
White-collar crime is low in visibility because:,it involves only small amounts of money,the proletariat can outsmart the bourgeoisie,the police turn a blind eye to corporate crime,it goes undetected in the context of everyday business transactions,D
"With industrial capitalism, leisure emerged as a concept that meant:",distinct periods of non-work and relaxation,regulated and organized activities to reduce social disorder,"the growth of civic, municipal culture through public libraries, museums and art galleries",all of the above,D
A moral panic occurs when:,"the media exaggerate reports of deviant groups, generating hostile reactions",children watch violent or sexually explicit films and then copy the behaviour,audiences challenge the ethnic stereotypes represented by the media,elitists express concern with the Americanization of culture,A
The 'demographic transition' is a social trend that involves:,"a reduction in population size, caused by a higher rate of emigration than immigration",a change in the principal causes of death and disease since industrialization,"increased birth and death rates, resulting in a relatively young population","a decline in the birth rate, greater life expectancy, and an ageing population",D
'Snowballing' is an example of:,probability sampling,non-probability sampling,cluster sampling,using the Christmas vacation constructively,B
The 'class polarization' that Marx predicted referred to:,the division of each social class into the more or less privileged,"a growing gap between rich and poor, resulting in class consciousness",the growth of intermediate strata in the middle classes,the tendency for the working class to live in very cold places,B
"In the context of the labour movement in the nineteenth century, 'incorporation' meant:",including union representatives in processes of policy decision making,creating links between the state and corporate organizations,recruiting women into full time paid employment,including working class organizations in political bargaining and representation,D
Millions of immigrant children who entered the United States learned English and the duties of citizenship while attending public schools in the communities in which they settled. This is an example of which of the following sociological concepts?,Acculturation,Collective behavior,Social stratification,Social mobility,A
The capitalist world economy is what Wallerstein (1974) would call a 'world system'. This term refers to:,a means of transporting money between different areas of a country,an empire with a bureaucratic administration but no political centre,an awareness of risks and dangers that affect the environment as a whole,a unit with a division of labour that extends across ethnic and cultural groups,D
"According to Foucault, carceral organizations:",emphasised human relations and employee satisfaction,increased the amount of power held by managers,stripped inmates of their previous identities,isolated people and put them under surveillance,D
Which of the following is not recognised as a level of society?,the household,the office,the global village,the nation state,B
Ethnic identity refers to:,the objective categories of ethnicity used in the census,"a felt sense of group membership on the basis of religion, language, or history",the imposition of a racial label on a minority by a powerful majority,the fragmented and pluralistic nature of ethnicity,B
Marriage appears to be in decline because:,the proportion of people living alone has fallen to 29%,many people are cohabiting in long term relationships,the upward curve of remarriages compensates for the drop in first marriages,all of the above,B
The market model of state welfare is based on the principle of:,"individuals buying welfare privately, with some means-tested benefits",regular benefit payments to men as earners of the 'family wage',"a universalist system of welfare for all, regardless of income",decommodifying social welfare through state provision,A
The term feminization of poverty refers to:,the critical deconstruction of 'poverty' by feminist theorists,"women's increased chances of being in poverty, due to low pay and greater welfare dependency",the way in which managing a budget and avoiding poverty tends to be a woman's responsibility within the home,the disproportionate number of female sociologists who do research on poverty,B
Which of the following is not identified as a new form of community?,"ethnic communities, based on shared identity and experiences of discrimination","gay villages, which are formed in certain parts of large cities","sociological communities, formed by unpopular lecturers",virtual communities that exist only in cyberspace,C
The use of 'indentured labour' in the nineteenth century involved:,people being transported to the British colonies and forced to work for one employer under poor conditions,the sale of African people through the slave trade in the 'Atlantic triangle',selecting the most skilled workers in factories to promote their employer's company overseas,extracting the teeth of the laziest workers to stop them from talking,A
Cultural restructuring has involved:,regenerating cities in economic decline,turning industrial landscapes into tourist attractions,selling sites and images through the 'symbolic economy' of media advertising,all of the above,D
Which of the following was not part of Weber's ideal type of bureaucracy?,impersonal rules,extensive paperwork,hierarchy of officials,Salaries,B
Which of the following is the most important agent of socialization in early childhood?,A preschool provider,A peer group,The mass media,The family,D
Which of the following is not a 'research purpose'?,triangulation,explanation,description,exploration,A
'Scientific' theories in the nineteenth century tried to explain race in naturalistic terms. Which of the following ideas was not considered?,genetics,evolution,height,brain size,C
Which of the following is not a regular national survey carried out by the British government?,Labour Force Survey,General Household Survey,Fashion Sensibility Survey,Family Expenditure Survey,C
Which of the following industries did Blauner (1964) suggest was most alienating to its employees?,machine-based factory work,textile work as craft production,car manufacturing in assembly plants,chemical processing with automated practices,C
The 'decentralized city' can be identified by:,the shift of employment and services away from the inner city towards multiple centres in smaller towns and rural areas,the degendering of public space as women use local facilities more,gentrification: the movement of middle class people back into the inner city,all of the above,D
Lombroso claimed that:,criminals were socialized into an 'underworld' of crime,no act is intrinsically deviant,biological failings drove some people into crime,women were less likely to be arrested than men,C
Warner and Myrdal claimed that black former slaves were not joining the 'ethnic melting pot' of the North American cities because:,"the white population did not believe in liberty, equality, and democracy",they wanted to retain a strong sense of their original ethnic identity,they were not prepared to leave the Southern states and move to North America,the promise of citizenship was contradicted by continued discrimination,D
"When Berger & Luckmann said that reality is socially constructed, they meant:","scientists are guided in their work by social values and interests, so they define and measure phenomena that will support their theories","people negotiate shared definitions of their situation and live according to these, often forgetting that these social worlds are not fixed and external",sociologists decide what constitutes social reality and measure only that,terms like 'reality' have no deeper meaning beyond the level of discourse,B
Which of the following groups or organizations can be identified as having the characteristics of a bureaucracy?,"An extended or consanguine family, including all the relatives by blood, marriage, or adoption",The government of a large city,A book club in which books are chosen by members who take turns alphabetically to lead discussion,The volunteers who gather annually to clean the neighborhood,B
Pilcher (1999) identified soap operas as a 'feminine genre' of media because:,most of the characters in soap operas are women,they represent images of women as both domesticated and independent,they alienate women and appeal to an audience of men,female television producers are most likely to work in this area,B
Which of these was not one of Townsend's (1979) indicators of relative deprivation?,lacking exclusive use of a bath or shower,living in housing with serious structural defects,buying fewer than twenty DVDs in the previous year,going without a week's holiday in the previous year,C
Children who are still sucking their thumbs when they enter kindergarten are often subject to teasing and ridicule for this behavior. What type of social sanction is applied in this instance?,Formal positive sanction,Formal negative sanction,Informal positive sanction,Informal negative sanction,D
The concept of political culture refers to the,"way that cultural products, such as novels or paintings, reflect the political ideologies of their creators",basic beliefs and orientation toward politics that are shared widely by the members of a culture,political beliefs and attitudes shared by people in public offices,ideological biases of the mass media,B
"Walt Disney, Sony and Time Warner are examples of:",transnational corporations,multi-media empires,ownership concentrated within one medium,government-owned companies,A
Equilibrium theories of social change emphasize,globalization,stability and the structure of society,secularism and mechanization,industrialization,B
Which of the following best describes the definition of poverty used by the United States government?,It specifies the poverty line at a level set in the 1960s and adjusted since to reflect inflation.,"It includes the value of government services, such as Medicaid or public housing, when setting the poverty line.","It is based on the concept of relative deprivation, and the poverty line changes as the distribution of income changes.","It is based on the concept of lifestyle, and the poverty line varies according to the needs of the individual.",A
The 'absolute' poverty line is drawn to show:,the most extreme level of poverty that is found in a society,the estimated minimum level of income needed for subsistence,"households that are poor, relative to the norms and values of their culture",the areas of a city in which poverty is concentrated,B
'Eyeballing' is a technique that involves:,reading a textual document quickly to understand the gist of it,gathering a sample from whoever you can see in a public place,scanning a table to identify general patterns and significant figures,keeping your eyes on research participants at all times,C
Which of the following was not a strategy used by the Conservative government of 1979 to reduce the power of the labour movement?,making all strike action illegal,imposing restrictions on picketing,banning political strikes that were not primarily concerned with the worker's own conditions of work,making secondary action (in support of workers elsewhere) illegal,A
"In the nineteenth century, homosexuality was understood as:",a positive identity in which gay people could take pride,"an absolute taboo, which meant that all homosexuals were isolated",a subordinate form of masculinity that threatened 'compulsory heterosexuality',confirmation of the two-sex model,C
The population pyramid of a population that has had a slightly larger birth rate than death rate for several generations will most likely have which of the following shapes?,Wider at the top than in the middle,Wider at the bottom than at the top,Bulging in the middle,Having parallel sides,B
The 'new racism' refers to:,"a subtler form of prejudice, masked by nationalist pride",a post-modern deconstruction of racist ideas to reveal their lack of depth,"racist practices found in newly emerging areas of social life, such as cyberspace",an anti-fascist movement which challenges nationalist politics,A
Giselle graduated from college with high honors in management. She was recruited immediately following college by a large corporation and accepted a position in junior management. She quickly advanced to middle management. Ten years later Giselle was still in a middle-management position and had witnessed junior male colleagues promoted over her. Which of the following is a phenomenon that is most likely to explain Giselle's lack of promotion?,Glass ceiling,Gender constancy,Underemployment,Glass elevator,A
The Mafia is an example of:,white collar crime,organized crime,non-criminal deviance,global terrorism,B
Goldthorpe identified the 'service class' as:,"those in non-manual occupations, exercising authority on behalf of the state",people working in consultancy firms who were recruited by big businesses,the young men and women employed in domestic service in the nineteenth century,those who had worked in the armed services,A
Industrial production in the nineteenth century was characterized by:,increasing numbers of women in high status positions,cottage industries and homeworkers doing piecework in the domestic sphere,the 'managerial revolution' by which ownership and control became separate,power-driven machinery and the concentration of workers in large workplaces,D
The term 'collective consumption' (Castells 1977) refers to:,the privatization of public services by the Conservative government,the lifestyle practice of shopping in peer groups,the form of tuberculosis suffered by those who collect stamps,"the provision of health, housing, and education services by the state",D
The deviant subculture of homosexuals who met in seventeenth and eighteenth century London was called the:,pollies,mollies,dollies,lollies,B
Robert and Tanya are married and live with their three children. Their family unit is called,a family of orientation,a nuclear family,an extended family,a communal family,B
"In Durkheim's work, the term 'collective representations' refers to:",effervescent ceremonies that create a feeling of belonging,images of gods or totems that are widely recognized,"shared ideas and moral values, often symbolized by an object or figurehead",ideological tools used to obscure class divisions,C
Which of the following is not a characteristic of totalitarian societies?,indoctrination and propaganda,freedom of movement for citizens,one-party rule,a centrally planned economy,B
Freud's notion of the 'ego' referred to:,the unconscious mass of instinctive drives that may be repressed,the self as a whole: an unstable mix of conscious and unconscious elements,"the conscious part of the mind that regulates emotional drives on a practical, rational level",the neurotic part of the mind that longs for belonging and may suffer an inferiority complex,C
Which of the following theories focuses on how society manages to carry out the activities necessary to maintain order and stability?,Functionalism,Interactionism,Rational-choice theory,Conflict theory,A
Which of the following is a personal document with closed access?,government 'white paper',confidential medical records,household account book,the shares register of a business,C
The tripartite system used the 11+ exam to select pupils for:,popular schools that lay outside their catchment area,"private, public and comprehensive schools","grammar, technical, and secondary modern schools","polytechnics, colleges and universities",C
Durkheim defined social facts as:,"ways of acting, thinking, and feeling that are collective and social in origin",the way scientists construct knowledge in a social context,data collected about social phenomena that are proven to be correct,"ideas and theories that have no basis in the external, physical world",A
The media-themes model of media influence claims that:,audiences selectively interpret what they want to hear,content analysis is the best way to identify the themes covered by the media,audiences passively absorb whatever messages they are given,social interaction reinforces the ideas and images that audiences select,D
Bowlby's maternal deprivation thesis claimed that:,mothers who are living in poverty cannot afford to give their children the resources that other children enjoy,"children deprived of an early, secure attachment to their mother are prone to suffer physically, intellectually and socially in later life",'mothering' is a socially constructed activity identified in the narratives of new mothers,"deprivation is something children inherit, usually through their mother's side",B
War became possible between nation states in the nineteenth century because:,the world was divided into several rival overseas empires,"industrialization provided better transport, technology and administration","there was intense economic, political and military competition",all of the above,D
Which of the following is not identified by Fulcher & Scott as a criterion of community?,a shared sense of identity and belonging together,common activities involving all-round relationships,a fixed geographical location,collective action based on common interests,C
The 'Great Migration' of 1916-1919 meant that Chicago became an ethnically diverse city. The consequence of this was:,assimilation: all racial boundaries were dissolved by the 'ethnic melting pot',multiculturalism: all ethnic identities were celebrated equally,"most ethnic groups were integrated into mainstream society, but the black population remained in the city's ghettos",racism: the white host population were hostile and prejudiced towards migrants,C
"According to Scott (1990), a document is 'authentic' if it:","is a sincere and accurate account, free from political bias",is representative of all the similar documents that did not survive,has both a literal and an interpretable meaning,"is a 'sound' original, or reliable copy, of known authorship",D
Which of the following is not a consequence of global tourism?,decreased rates of prostitution and sex tourism,developing countries can depend on it as a crucial source of income,"the exploitation of cheap, unregulated labour in poor countries",we have become more aware of 'other' societies and ways of living,A
Which of the following did Thatcher's government not strive to achieve:,marketization and privatization,"individual freedom, choice and responsibility","generous financial benefits for single parents, students and the unemployed",the rolling back of the welfare state,C
One of the ethical problems with covert participant observation is:,not being able to write comprehensive fieldnotes or record conversations,deceiving the respondents as to the reason for your presence,observing people outside of their natural setting,subjecting the participants to physical harm,B
The embourgeoisement thesis suggests that:,capitalists are being replaced by salaried managers with bureaucratic authority,the affluent working class is adopting middle class values and ways of life,white collar occupations are being 'deskilled' by the introduction of new technologies into the workplace,the class structure has fragmented and there are no longer any distinct social classes,B
Women have been excluded from the public sphere because:,industrial capitalism separated the middle class home from the workplace,those who enter paid employment have been 'sidelined' into particular fields,it is difficult to succeed in 'malestream' politics without compromising their femininity,all of the above,D
Economic aid has largely failed to promote modernization in the developing countries because:,there are no clearly defined projects into which the money can be directed,the United Nations has refused to call on rich countries to provide it,debt repayments with interest can be greater than the amount of money received,debt repayments with interest can be greater than the amount of money received,C
How is terrorism different from the types of crime described by the Chicago School?,"it is committed on a larger, often global, scale, and is well organized",it is associated with political conflict between states and their citizens,it can have far-reaching effects upon international relations,all of the above,D
The human relations approach emphasized the importance of:,scrutinizing employees as they interacted with customers,"teamwork, communication and employee satisfaction",strict control and discipline to ensure high productivity,providing therapy and counselling in the workplace,B
Which of the following did Domhoff not identify as a process of decision-making in the USA?,the ideology process,the exploitation process,the policy-formation process,the candidate-selection process,B
Which of the following methods of detecting breast cancer involves exposure to radiation?,Needle aspiration,Mammography,Mastectomy,Lumpectomy,B
"The regions of the body that, when touched, are sexually exciting:",vary from person to person,vary for women depending on the phases of the menstrual cycle,are mainly on the lower portion of the body,all of the above,D
Which of the following is/are true of gonorrhea?,can be treated with antibiotics,has a high risk of infection with a single exposure,is asymptomatic (without symptoms) in only a small percentage of those infected,infections are limited to genital areas,A
"You are a homosexual male: Last night, you were tempted by lusty, swarthy Jacques (the king of fraternity row) to join him at the local dairy bar for a tall cool glass of milk. You also briefly considered studying for this test, but Jacques won out. In Freudian terms, which of the following was dominant?",the id,the ego,the superego,the Oedipus complex,A
Sociobiologists believe that there are more males than females with paraphilias because:,paraphilias guarantee survival of the species,evolutionary selection has favored the development of males who respond to novel sexual stimuli,of left brain/right brain differences between the genders,male brains are better developed than are female brains,B
"According to a study by Sprecher, Barbee, and Schwartz (1995), women were more likely than men to have ________ following their first act of intercourse.",felt glad,felt fear,experienced guilt,experienced regret,C
What is cocaine abuse during pregnancy related to?,an increased risk of low birth weight babies,poorer growth and lower intelligence,smaller head circumference,all of the above,D
Joe wants desperately to get close to Helen. Helen appears to be put off by Joe's desperate advances. This is typical of Joe's relationships with women. According to attachment theory Joe would best be described as:,a secure lover,an avoidant lover,an anxious-ambivalent lover,a passionate lover,C
Bruce is a homosexual man. His friend Chuck is a heterosexual man. If we could have observed Bruce and Chuck as children we might have expected which of the following?,Bruce likely participated in more female-typical play than Chuck.,Bruce likely participated in more male-typical play than Chuck.,Bruce and Chuck likely participated in more male-typical play than female-typical play.,Bruce's father was more likely to have homosexual tendencies than Chuck's father.,A
Judaism regards sexuality as,inherently evil,God's afterthought and has become an aberration,a gift from God,primarily a biological function,C
Freud said that the penis first becomes the major focus of pleasure-seeking at:,birth,about age 1,between the ages of 3 and 6,puberty,C
"What makes a relationships last, according to Sternberg?",intimacy,commitment,decision,passion,B
The position that abortion is murder is held by certain people in which religion?,Orthodox Jews,Fundamentalist Protestants,Eastern Orthodox Christians,all of the above,D
"Orders of monks and nuns found both in Eastern religions and in Christianity who affirm celibacy, virginity, and poverty follow the ethical system of:",legalism,asceticism,situationism,hedonism,B
Ovaries and testes,are homologous,produce gametes,produce sex hormones,all of the above,D
Simon LeVay studied the brains of heterosexuals and homosexuals. He found differences in:,the cortical activity of these two groups,the overall brain weights of these two groups,the cell structure in the hypothalamus of these two groups,blood volume and metabolism of sugars in the brains of these two groups,C
"Which of the following theories uses terms such as ""modelling"" and ""imitation"" to explain the effects of exposure to erotica on a person's behaviour?",sociobiology,psychoanalytic theory,script theory,social learning theory,D
"________ men, on the average, begin engaging in sexual intercourse approximately two years later than ________ men do.",Mexican Americans and whites; African Americans,Mexican Americans; African Americans and whites,African Americans; whites and Latinos,Whites; African Americans and Latinos,A
"In the scientific community, women's capacity for multiple orgasms was originally discovered by:",Kinsey,Freud,Masters and Johnson,Kaplan,A
Which of the following characteristics are generally consistent with date rape?,use of excessive force,premeditated,sexually motivated,involves use of a weapon,C
"According to John Money, __________ refers to a person's private internal sense of maleness or femaleness.",Gender identity,Sexual nomenclature,Gender schema,Intrapsychic sexual orientation,A
The average male genital size is approximately,4 inches,5 inches,7 inches,1 foot,B
People who cannot reach orgasm without touching a woman's shoe would certainly be considered sexually abnormal or deviant by which of the following definitions?,psychological,sociological,statistical,b and c,D
"If a woman or man repeatedly experiences pain during intercourse, she will probably want to have intercourse infrequently or not all. In this situation, __________ would likely classify the pain as a punishment.",Sigmund Freud,John Money,B. F. Skinner,Havelock Ellis,C
"What seems to be the case when the folk saying ""opposites attract"" (i.e., dissimilar attitudes tend to cause liking) when it is considered in light of current research?",It does not seem to be true.,It seems to be true for heterosexuals but not for homosexuals.,It seems to be true for homosexuals but not for heterosexuals.,It seems to be true for women but not for men,A
The egg can be fertilized until about _______ after ovulation.,6 hours,24 hours,72 hours,1 week,B
"After releasing an egg, the follicle, under stimulation of luteinizing hormone, turns into a a glandular mass of cells called the __________",corpus cavernosum,corpus luteum,corpus callosum,corpus glandula,B
How is endometriosis generally treated?,antiprosaglandin drugs,prostaglandin drugs,hormones,aspirin,C
"Before the Masters and Johnson research, it was thought that vaginal lubrication was due to secretions of",Cowper's gland,Prostate gland,Bartholin glands,Adrenal gland,C
Buffy and Willow were discussing their sexual fantasies. Buffy revealed that she sometimes fantasizes about sex with other women even though she normally finds herself attracted to men. She also fantasizes about group sex. Which of the following statements can be inferred from Buffy's fantasies?,Buffy's fantasies suggest that she must be a latent homosexual or bisexual.,Buffy's fantasies are indicative of a paraphilia.,Buffy's fantasies indicate that she is not getting enough sex to keep her satisfied.,Buffy's fantasies are fairly typical and tell us little about her sexual tendencies.,D
The environment for sperm passage is most hospitable just at,preovulation,proliferation,ovulation,menstruation,C
Secretions of Cowper's gland fluid at the tip of the penis are first evident:,following orgasm,immediately before orgasm,prior to vasocongestion,during the plateau phase,D
Which of the following restrictions existed in at least one culture? No sex,for a period of time following childbirth,during menstruation,between parents and children,all of the above,D
Which of the following teenagers have the highest pregnancy rates?,U.S.,Canadian,Swedish,French,A
The onset (the very beginning) of labor is first triggered by,hormones secreted by the Mother's ovaries,hormones secreted by the Mother's hypothalamus,hormones secreted by the fetus' adrenal gland,the placenta and uterus secretion of prostaglandins,C
One of the first models of the physiology of the human sexual response was provided by,Henry Havelock Ellis,Sigmund Freud,Linda George and Stephen Weiler,William Masters and Virginia Johnson,D
"An adult feels himself becoming aroused when looking at a child and realizes that the response is totally inappropriate, as a result he feels anxiety rather than arousal. This is an example of __________ according to Walen and Roth's cognitive model of the sexual response.",negative perception,negative evaluation,negative arousal,cognitive dissonance,B
We are attracted to a person who is similar to us in attitudes because:,we get positive reinforcement from that person agreeing with us,the other person's agreement bolsters our sense of rightness,we anticipate positive interactions with that person,all of the above,D
"According to the Ethnocultural Communities Facing AIDS study, single _________ men are more likely than single _________ to report having had more than one sexual partner in the previous year.",Chinese; North African Muslim,South Asian; English-speaking Caribbean,South Asian; Chinese,North African Muslim; Latin American,B
Penile or clitoral erection occurs because of activation of the _________ system.,pathetic,apathetic,sympathetic,parasympathetic,D
Which of the following is homologous to the glans of the penis?,labia minora,labia majora,mons,clitoris,D
What day of a typical 28-day menstrual cycle is a woman likely to ovulate?,4,10,14,22,C
The two principles that deal with questions of values are:,religion and ethics,faith and science,legal and ethics,legal and religion,A
Studies conducted by Bailey and Pillard (1991) have shown that:,the homosexuality concordance rate for identical twins is 100%,the homosexuality concordance rate for identical twins and fraternal twins is approximately the same,the homosexuality concordance rate for identical twins is higher than for fraternal twins,the homosexuality concordance rate for adoptive brothers differs little from that of biological brothers,C
The capacity of a spinal-cord injured man to have erections depends on:,the level of the spinal cord at which the injury occurred,whether the spinal cord was partially or completely severed,the man's age,both a and b,D
Research on the effects of sexually explicit material using material that the viewer finds acceptable has shown that:,erotica has no effect on sexual behavior,erotica may lead to increases in sexual arousal for men and women,nonaggressive erotica leads to massive increases in aggressive behavior,erotica decreases sexual arousal and sexual interest,B
Fetishism typically develops at the age of:,30 through 50,at birth,10 through 20,20 through 30,C
Hillary just found out that she is pregnant but she suspects that her husband has been fooling around. It is important that she be tested for chlamydia because chlamydia can cause which of the following complications?,tubal pregnancies,premature delivery,spontaneous abortion,all of the above,D
Roman Catholicism takes the position that it is sinful to,engage in homosexual acts,engage in heterosexual acts outside of marriage,take the birth control pill,all of the above,D
Which of the following is the most common method of birth control for married couples in the U.S..,Sterilization,The IUD,The diaphragm,The rhythm method,A
The theory of _______ is used by sociobiologists specifically to explain the evolution of gender differences.,natural selection,the new synthesis,sexual selection,the gender schema,C
Experimental work on the introduction of the birth control pill was done with,middle- and upper-class American women,white American women,poor Puerto Rican women,Asian American women,C
Which of the following have menstrual cycles?,some monkey species,some ape species,some breeds of dogs,a and b only,D
What sexual act is prohibited in most societies?,masturbation,incest,sex during menstruation,sex with a non-spouse if the person is married.,B
Which of the following is removed when a male is circumcised?,sunna,corpus spongiosum,septum,prepuce,D
Staphylococcus aureus is...,...a hormone released during menstruation,...the term for the follicle after it has ruptured,...a bacterium associated with Toxic Shock Syndrome,...the term for the mass of cells in the corpus luteum,C
Jeffrey Dahmer's behaviour might best fit into the category of:,zoophilia,necrophilia,urophilia,scoptophilia,B
An anatomical difference between males and females is:,"males have one exit structure for urine and reproductive fluids, whereas females have two","males have an external sexual organ that gets engorged with blood, whereas females do not",males have many times the number of nerve endings in the penis that females have in the clitoris.,all of the above,A
Kenny fell off a ladder while trying to change a lightbulb. He suffered an injury his upper back transecting his spinal cord and leaving him quadraplegic. Which of the following are probably impaired in Kenny?,ejaculation,erection,genital sensation,both A and C,D
The feedback loop in men which regulates the production of sex hormones includes all but which of the following?,oxytocin,gonadotropin-releasing hormone,follicle-stimulating hormone,pituitary gland,A
The Old Testament presents the view that sexuality is,fundamentally positive,to be considered in light of its social consequences,comparable to other biological functions,a and b,D
Castration in adulthood,will produce a high voice because of decreased testosterone production.,will produce a high voice because of the pain that accompanies the procedure.,will not produce a high voice because the larynx has already grown.,will not produce a high voice because castration does not affect testosterone production.,C
Xena has been able to conceive but has repeatedly miscarried early in her pregnancies. Which of the following would be her best option for having a child?,artificial insemination,in vitro fertilization,zygote intra-fallopian transfer,embryo transfer,D
Which of the following is TRUE of the duration of the refractory period experienced by men?,it is consistent across men and lasts 20 minutes,it varies across men lasting from a few minutes to 24 hours,it tends to be shorter with alcohol consumption,it tends to be longer in younger men,B
"At about _________ months after conception, the gender of the fetus is clear from the appearance of external genitals.",2,4,6,8,B
__________ is a shedding of the inner lining of the uterus.,Menstruation,Ovulation,The luteal phase,The follicular phase,A
"When a woman thinks that she probably is a lesbian, she is at the:",pride stage,tolerance stage,acceptance stage,confusion stage,B
Which of the following STDs can be passed from mother to child through the placenta?,gonorrhea,syphilis,genital herpes,chlamydia,B
Persons with liberal attitudes about premarital sex are likely to:,have liberal attitudes about extramarital sex,engage in accidental extramarital sexual activity,engage in open swinging,all of the above,A
"Menstrual cramps may be caused, in part, by:",low levels of prostaglandin,an increased oxygen supply to the uterus,highly sensitive nerve endings,frequent masturbation,A
Avalon had a wild time during spring break. Unfortunately the guy she hooked up with in Palm Beach had genital herpes. Which of the following is true about genital herpes?,Avalon could not contract genital herpes from performing fellatio (oral-genital sex) on the guy.,If Avalon contracted genital herpes she can be cured with antibiotics if administered immediately after the first occurrence.,If Avalon contracted genital herpes she will only be contagious when she has a break out.,none of the above,D
Stan is out having a few beers with some friends. Which of the following will be DECREASED if Stan only consumes 1 beer?,arousal,erection,inhibition,orgasm,C
Vasocongestion is a process of :,muscle contraction,blood accumulation in the genitals,muscle relaxation,detumescence,B
Which of the following is/are secondary sex characteristics in males AND females?,underarm hair,sweat and oil glands,deepening of the voice,both A and B,D
It's 3:00 A.M. You are male. You awaken to urinate. Standing at the commode you are in extreme agony. Your penis feels as if it is on fire. You notice a yellowish discharge coming out of your penis after you finish urinating. Your moans have awakened your significant other. She comes running into the bathroom and asks you what is wrong. You tell her you probably have:,genital herpes,AIDS,syphilis,gonorrhea,D
Which of these statements is accurate concerning the norms of swinging?,Male and female homosexual acts are common and widely accepted.,It is expected that couples will engage in sex with the same partners on several occasions.,The combination of two men with one woman is the typical introduction to swinging.," Most swingers also tend to have tolerant attitudes towards various forms of ""exotic"" sexuality.",D
Romulo is on a crowded bus and he sees a woman near the door. Feeling a little saucy Romulo proceeds to rub up against the woman and is immediately aroused. Romulo's inappropriate behavior would be characterized as:,Frotteurism,Exhibitionism,Voyeurism,Sadomasochism,A
Mini-pills contain:,estrogen only,progestin only,synthetic androgens and estrogen,synthetic estrogen,B
"Heterosexual fantasies about sexual activity never involve someone _________, and gay and lesbian fantasies never involve persons of __________",Both heterosexual and homosexual fantasies may involve persons of the same or other gender,of the other gender; of the same gender,of the same gender; of the same gender,of the same gender; of the other gender,A
Which of the following is typically associated with having a vasectomy?,decreased testosterone production,reduced rigidity of erections,decreased sperm production,normal orgasm,D
Which of the following are reflexes?,ejaculation,erection,orgasm,both A and B,D
Which of the following sexual variations is probably the most dangerous?,troilism,asphyxiophilia,zoophilia,necrophilia,B
The follicular phase is to the __________ as the luteal phase is to the secretory phase.,postovulatory,menstrual,proliferative,myometrial,C
"For purposes of conception, the best position for intercourse is:",woman-on-top,man-on-top,rear entry,side-to-side,B
"Danny and Sandy are coworkers. Sandy sees Danny in the break room and says ""Hey Stud! Nice buns! Wanna do it?"" This would be considered harrassment if:",Sandy is Danny's supervisor,Danny has previously told Sandy that he does not appreciate her advances,"Danny responds with ""Sure baby your office or mine?""",both A and B,D
Erection in the male and vaginal lubrication in the female mark the __________ stage of sexual response.,excitement,resolution,plateau,orgasm,A
The placenta does all of the following except:,supplies oxygen to the fetus,supplies nutrients to the fetus,supplies blood to the fetus,secretes hormones,C
Which of the following is the MOST COMMON menstrual problem?,painful menstruation,absence of menstruation,menstruation without ovulation,ovulation without menstruation,A
In all of her relationships Helen is typically uncomfortable feeling close to another person or having that person feel close to her. According to attachment theory Helen would best be described as:,a secure lover,an avoidant lover,an anxious-ambivalent lover,a passionate lover,B
Approximately how many sperm are in the typical ejaculate?,"300,000",300 million,3 million,30 million,B
Bill is a successful ad executive for a computer company. He is 32 married and the father of two children. When Bill's wife is not home he puts on her satin stockings garter belt bra skirt blouse and red stilettos. While dressing he becomes sexually excited and proceeds to masturbate. Which of the following descriptions best fits Bill?,female impersonator,drag queen,transsexual,transvestite,D
Sociobiologists assume that the central function of sex is:,pleasure,reproduction,to maintain the double standard,to relieve tension,B
Which of the following approaches to psychotherapy focuses only the problem behaviour and how to modify it?,Behaviour modification,psychoanalytic,sociological,evolutionary,A
JD Unwin's book _Sex and Culture_ argues what two things are linked?,homosexuality in sons with distant fathers,sexual abuse and Christianity,civilizational collapse and promiscuity,anthropology and evolution,C
The official condemnation by the Catholic Church of artificial birth control is set forth in _______ encyclical called Humanae Vitae.,Pope John II's,Pope Paul VI's,Pope John Paul I's,Pope John Paul II's,B
"According to Byrne's law of attraction and his formula, we are attracted to people who:",provide a lot of reinforcement and a small amount of punishment,provide more punishment than reinforcement,provide an equal balance of punishment and reinforcement,are extremely attractive and provide a lot of reinforcement,A
"Benny is the head of a successful corporation. After a hard day at work during which he is under incredible pressure to perform well, he goes home to his wife who proceeds to spank him, tie him to their four poster bed, and tease him until he begs for intercourse. According to psychological theory, what is the most likely reason Benny finds this alluring?","As a child be became sexually aroused pretending to be a powerful executive, so he now becomes aroused at work and must discharge this when he gets home.",He is overcome with feelings of self doubt and his sadomasochistic behaviour allows him a safe outlet for that self doubt.,"He is overwhelmed with pressures and responsibilities at work, and the masochistic behaviour allows him to escape from being an autonomous, separate individual.",He is secretly fascinated by violence and engaging in sadomasochistic behaviour is a relatively safe outlet for it.,C
Darla and Janice are two moms raising a son Timmy. Which of the following most likely characterizes Timmy?,He will probably grow up to be gay.,He will not be popular with his peers.,As long as Timmy has at least one supportive and accepting caregiver he will have a healthy development.,His social skills will lag behind his peers who are raised in heterosexual families.,C
What are the experiences when a sexual addict has completed the sexual act?,(s)he experiences feelings of hopelessness and despair,(s)he uses the fantasy of the behaviour just completed to become aroused again,(s)he feels relaxed and emotionally relieved,(s)he immediately becomes sexually aroused again and feels good about the behaviour,A
Which of the following is/are likely to cause coital pain for BOTH men and women?,infections,foreskin too tight,vaginismus,both A and C,A
The endometrium grows and thickens during:,menstruation,the follicular phase,the luteal phase,ovulation,B
Which of the following events INITIATES puberty?,pituitary gland releases FSH,pituitary gland releases growth hormone,hypothalamus releases GNRS,hypothalamus releases LH,C
Alexander the Great was probably,bisexual,asexual,heterosexual,pedosexual,A
Shaggy has a fantasy about digging up a recently buried woman and having sex with her. He told his friends this and they encouraged him to get therapy. As part of the treatment he masturbates to his fantasy and at the last moment before orgasm he switches to a fantasy about having sex with a living woman. This procedure is part of the process of:,orgasmic reconditioning,aversive conditioning,covert sensitization,desensitization therapy,A
How do girls most frequently learn about masturbation?,through reading about it,being told by peers,self-discovery,observing others doing it.,C
How many centimetres must the cervix dilute to before a baby can be born?,5,10,15,20,B
"From 1988 to 1990 among heterosexuals in the US, the number of unmarried adults aged 20 to 45 who report having multiple partners has:",declined for both men and women,"declined for men, but not for women","declined for women, but not for men","declined for men, and remained the same for women",A
Which is true with regard to voyeurs?,They are generally middle-aged.,They are usually dangerous.,They typically want to view friends' sexual behaviours.,They typically want to observe strangers' activities.,D
What are the three dimensions of intimacy in romantic relationships that outline closeness and sharing?,"affective, trusting, and friendship","becoming emotional, caring, and physical","affective, cognitive, and physical","mutual self-disclosure, sexuality, and trusting",C
Mike and Carol have been married for 5 years. Recently Mike has found that although he wants to have sex with Carol he has trouble getting aroused. However he does not have trouble getting aroused when he sees his secretary at work. Which of the following describe(s) Mike's dysfunction?,Mike suffers from a global dysfunction.,Mike suffers from erectile dysfunction.,Mike suffers from lubrication inhibition.,Mike must be having an affair with his secretary.,B
__________ occurs when the fertilized egg implants somewhere other than the uterus.,Pseudocystitis,Ectopic pregnancy,Pre-eclamptic pregnancy,Eclamptic pregnancy,B
A pimp can be best described as ,...a male companion-master of a prostitute,...a gigolo who works with a street walker,...an experienced male prostitute,...an escort to a female prostitute,A
Menstruation is triggered by...,...a sharp increase in estrogen levels,...a sharp increase in progesterone levels,...a sharp decrease in estrogen and progesterone levels,...a sharp increase in estrogen and progesterone levels,C
Which of the following concerning self-disclosure in relationships is supported by research?,"when one partner in a relationship self-discloses, the other is unlikely to do so",self-disclosure on the part of one partner often leads to self-disclosure on the part of the other,there is a negative correlation between amount of self-disclosure and relationship satisfaction,there is no relationship between amount of self-disclosure and relationship satisfaction,B
Attachment to a care-giver begins:,in the hours immediately following birth,several weeks after birth,several months after birth,when the child learns to speak,A
Female sterilization inhibits _________ production.,egg,estrogen,progesterone,none of the above,D
Another term for sexual self-stimulation is:,masturbation,autoeroticism,self-eroticism,a and b,D
You have been asked to write a response paper to LeVay's research on brain differences between heterosexuals and homosexuals. Which are plausible criticisms of LeVay's work?,Sample size was relatively small.,Gay and straight groups were not equivalent in terms of the number of deaths due to AIDS.,Lesbians were omitted from the study.,all of the above,D
About ___ % of adolescent males have homosexual experiences during their teenage years.,5,10,20,30,B
Hormones are secreted:,directly into the bloodstream,into the tissues surrounding the glands where they were manufactured,into the stomach and then are digested and travel throughout the body,into the ovaries and testes,A
"By 28 days after conception, the embryo is about __________ centimetres long.",1,2,3,4,A
"""The state has no business in the bedrooms of the nation,"" is a famous quote by this former Canadian Prime Minister.",Clark,Mulroney,King,Trudeau,D
Keith is really anxious about a big presentation he has to give at work tomorrow. As a result tonight he is having trouble getting an erection. Which of the following BEST explains why Keith might be having this problem?,relaxation is necessary for vasocongestion,anxiety inhibits the sympathetic system,anxiety causes retrograde ejaculation which inhibits arousal,anxiety decreases blood flow to the upper spinal cord inhibiting vasocongestion,A
A person with a rating of 4 on the Kinsey scale would be classified as:,mostly heterosexual with incidental homosexual experience,heterosexual with substantial homosexual experience,homosexual with substantial heterosexual experience,mostly homosexual with incidental heterosexual experience,C
The refractory period occurs in males during the ______ stage.,resolution,orgasm,plateau,excitement,A
The zona pellucida is...,...a protective layer surrounding the egg,...the fertilized egg,...an enzyme secreted by sperm to break down the protective coating on the egg.,...the area where sperm collect before attempting to fertilize the egg.,A
In men gonorrhea and chlamydia most often infect the:,penis,scrotum,urethra,bladder,C
Which method of abortion is most costly and carries the greatest risk of complications?,hysterotomy,saline-induced abortion,prostaglandin abortion,dilation and curettage,A
Miss Jones has been concerned about her health lately. She has noticed some itching and skin irritation around her genitals. Given her promiscuous sexual history she suspects that she has contracted:,chlamydia,genital warts,gonorrhea,pubic lice,D
Which of the following is NOT part of the internal structure of a female's breast?,Breast lobule,Lactiferous duct,Lactiferous sinus,Dartos Muscle,D
"Over the past several decades, attitudes toward premarital sex have __________; attitudes toward extramarital sex have __________.",remained constant; remained constant,become less permissive; become more accepting,remained constant; become less accepting,become more more permissive; become less accepting,D
