"In a population of giraffes, an environmental change occurs that favors individuals that are tallest. As a result, more of the taller individuals are able to obtain nutrients and survive to pass along their genetic information. This is an example of",directional selection.,stabilizing selection.,sexual selection.,disruptive selection.,A,ori_mmlu-high_school_biology
Which of the changes below following the start codon in an mRNA would most likely have the greatest deleterious effect?,a deletion of a single nucleotide,a deletion of a nucleotide triplet,a single nucleotide substitution of the nucleotide occupying the first codon position,a single nucleotide substitution of the nucleotide occupying the third codon position,A,ori_mmlu-high_school_biology
The energy given up by electrons as they move through the electron transport chain is used to,break down glucose,make glucose,produce ATP,make NADH,C,ori_mmlu-high_school_biology
"During the period when life is believed to have begun, the atmosphere on primitive Earth contained abundant amounts of all the following gases EXCEPT",oxygen,hydrogen,ammonia,methane,A,ori_mmlu-high_school_biology
Convergent evolution is best exemplified by which of the following?,The pectoral fins of fish and the front legs of cats,The presence of a notochord in all chordate embryos,The wings of an insect and the wings of a bird,The leaves of an oak tree and the spines of a cactus,C,ori_mmlu-high_school_biology
Which of the following would most likely provide examples of mitotic cell divisions?,cross section of muscle tissue,cross section of an anther (site of pollen production in a flower),longitudinal section of a shoot tip,cross section of a leaf,C,ori_mmlu-high_school_biology
"In a hypothetical environment, fishes called pike-cichlids are visual predators of algae-eating fish (i.e., they locate their prey by sight). If a population of algae-eaters experiences predation pressure from pike-cichlids, which of the following should least likely be observed in the algae-eater population over the course of many generations?",Selection for drab coloration of the algae-eaters,Selection for nocturnal algae-eaters (active only at night),"Selection for larger female algae-eaters, bearing broods composed of more, and larger, young",Selection for algae-eaters that become sexually mature at smaller overall body sizes,C,ori_mmlu-high_school_biology
"The same gene that causes various coat patterns in wild and domesticated cats also causes the cross-eyed condition in these cats, the cross-eyed condition being slightly maladaptive. In a hypothetical environment, the coat pattern that is associated with crossed eyes is highly adaptive, with the result that both the coat pattern and the cross-eyed condition increase in a feline population over time. Which statement is supported by these observations?",Evolution is progressive and tends toward a more perfect population.,Phenotype is often the result of compromise.,Natural selection reduces the frequency of maladaptive genes in populations over the course of time.,"Polygenic inheritance is generally maladaptive, and should become less common in future generations.",B,ori_mmlu-high_school_biology
Which of the following statements is correct?,Water flows from hypertonic to hypotonic.,Germinating seeds use less oxygen than do nongerminating seeds.,The rate of transpiration decreases with an increase in air movement.,Smaller DNA fragments migrate more rapidly than do larger DNA fragments on gel electrophoresis.,D,ori_mmlu-high_school_biology
Which of the following statements about lipids is correct?,Unsaturated fatty acids are linked to heart disease.,Lipids make up most cell surface receptors.,Phospholipids are water soluble.,Steroids are lipids that consist of glycerol and fatty acids.,C,ori_mmlu-high_school_biology
All of the following are examples of connective tissue EXCEPT,ligaments,muscle,blood,cartilage,B,ori_mmlu-high_school_biology
The light reactions of photosynthesis supply the Calvin cycle with which of the following?,The light reactions provide oxygen for the light-independent reactions.,ATP and NADPH provide the power and raw materials for the Calvin cycle.,Water entering the plant through the roots provides hydrogen directly to the Calvin cycle.,CO2 released by the light-dependent reactions provides the raw material for the Calvin cycle.,B,ori_mmlu-high_school_biology
"Mules are relatively long-lived and hardy organisms that cannot, generally speaking, perform successful meiosis. Consequently, which statement about mules is true?",They have a relative evolutionary fitness of zero.,Their offspring have less genetic variation than the parents.,Mutations cannot occur in their genomes.,"If crossing-over happens in mules, then it must be limited to prophase of mitosis.",A,ori_mmlu-high_school_biology
All of the following statements are true EXCEPT,thyroxine increases the rate of metabolism,insulin decreases storage of glycogen,vasopressin stimulates water reabsorption in the kidney,epinephrine increases blood sugar levels and heart rate,B,ori_mmlu-high_school_biology
Which of the following statements best describes what a Barr body is and its significance?,It is an inactivated Y chromosome and results in a man being sterile.,"It is an inactivated Y chromosome, and the person who has it appears female.",It is an inactivated X chromosome and results in females with half their cells having one X inactivated and the other half of their cells having the other X inactivated.,It is an inactivated X chromosome and results in females who are sterile.,C,ori_mmlu-high_school_biology
"In minks, the gene for brown fur (B) is dominant over the gene for silver fur (b). Which set of genotypes represents a cross that could produce offspring with silver fur from parents that both have brown fur?",BB BB,BB Bb,Bb Bb,Bb bb,C,ori_mmlu-high_school_biology
"If, on average, 46% of the loci in a species' gene pool are heterozygous, then the average homozygosity of the species should be",23%,46%,54%,92%,C,ori_mmlu-high_school_biology
Which of these is a statement that Darwin would have rejected?,Environmental change plays a role in evolution.,The smallest entity that can evolve is an individual organism.,Individuals can acquire new characteristics as they respond to new environments or situations.,Inherited variation in a population is a necessary precondition for natural selection to operate.,B,ori_mmlu-high_school_biology
Which of the following statements most detracts from the claim that the human appendix is a completely vestigial organ?,The appendix can be surgically removed with no immediate ill effects.,The appendix might have been larger in fossil hominids.,The appendix has a substantial amount of defensive lymphatic tissue.,Individuals with a larger-than-average appendix leave fewer offspring than those with a below-average-sized appendix.,C,ori_mmlu-high_school_biology
Two related species evolve in a way that makes them less similar.,Divergent evolution,Convergent evolution,Parallel evolution,Coevolution,A,ori_mmlu-high_school_biology
Mosquitoes resistant to the pesticide DDT first appeared in India in 1959 within 15 years of widespread spraying of the insecticide. Which of the following statement best explains how the resistant mosquitoes arose?,Some mosquitoes experienced a mutation after being exposed to DDT that made them resistant to the insecticide. Then their population expanded because these moquitoes had no competition.,Some mosquitoes were already resistant to DDT when DDT was first sprayed. Then their population expanded because all the susceptible mosquitoes had been exterminated.,DDT is generally a very effective insecticide. One can only conclude that it was manufactured improperly.,"Although DDT is effective against a wide range of insects, it is not effective against mosquitoes.",B,ori_mmlu-high_school_biology
Which statement about variation is true?,All phenotypic variation is the result of genotypic variation.,All genetic variation produces phenotypic variation.,All nucleotide variability results in neutral variation.,All new alleles are the result of nucleotide variability.,D,ori_mmlu-high_school_biology
Which of the following is a biotic factor that could affect the growth rate of a population?,Volcanic eruption,Glacier melting,Destruction of the ozone layer,Sudden reduction in the animal food resource,C,ori_mmlu-high_school_biology
"It has been observed that organisms on islands are different from, but closely related to, similar forms found on the nearest continent. This is taken as evidence that",0,common environments are inhabited by the same organisms.,the islands were originally part of the continent.,the island forms and mainland forms are converging.,A,ori_mmlu-high_school_biology
The Krebs cycle in humans occurs in the,mitochondrial matrix,inner mitochondrial membrane,outer mitochondrial membrane,intermembrane space,A,ori_mmlu-high_school_biology
"Ichthyosaurs were aquatic dinosaurs. Fossils show us that they had dorsal fins and tails, as do fish, even though their closest relatives were terrestrial reptiles that had neither dorsal fins nor aquatic tails. The dorsal fins and tails of ichthyosaurs and fish are",homologous.,examples of convergent evolution.,adaptations to a common environment.,B and C only,D,ori_mmlu-high_school_biology
During which phase of the cell cycle does the quantity of DNA in a eukaryotic cell typically double?,G_1,G_2,M,S,D,ori_mmlu-high_school_biology
Short sequence by promoter that assists transcription by interacting with regulatory proteins.,Enhancer,Repressor,Operator,Promoter,C,ori_mmlu-high_school_biology
Hydrangea flowers have one gene for flower color. Plants of the same genetic variety have flowers that range in color from blue to pink with the color varying due to the type of soil in which they are grown. Which of the following statement best explains this phenomenon?,The alleles for flower color show incomplete dominance where neither trait is dominant; expression of the genes shows a blending of traits.,The alleles for flower color are codominant; both traits show depending on the environment.,"In this case, the environment alters the expression of a trait.",The genes for flower color show polygenic inheritance.,C,ori_mmlu-high_school_biology
"When imbalances occur in the sex ratio of sexual species that have two sexes (i.e., other than a 50:50 ratio), the members of the minority sex often receive a greater proportion of care and resources from parents than do the offspring of the majority sex. This is most clearly an example of",sexual selection.,disruptive selection.,balancing selection.,frequency-dependent selection.,D,ori_mmlu-high_school_biology
"Although mutations occur at a regular and predictable rate, which of the following statements is the LEAST likely reason the frequency of mutation appears to be low?",Some mutations produce alleles that are recessive and may not be expressed.,Some undesirable phenotypic traits may be prevented from reproducing.,Some mutations cause such drastic phenotypic changes that they are removed from the gene pool.,The predictable rate of mutation results in ongoing variability in a gene pool.,D,ori_mmlu-high_school_biology
Crossover would most likely occur in which situation?,Two genes (1 and 2) are located right next to each other on chromosome A.,"Gene 1 is located on chromosome A, and gene 2 is on chromosome B.",Genes 1 and 2 are located near each other on the X chromosome.,Gene 1 is located on chromosome A; gene 2 is located far away but on the same chromosome.,D,ori_mmlu-high_school_biology
This biome contains plants whose roots cannot go deep due to the presence of a permafrost.,Desert,Tundra,Taiga,Deciduous forests,C,ori_mmlu-high_school_biology
A change in a neuron membrane potential from +50 millivolts to -70 millivolts is considered,depolarization,repolarization,hyperpolarization,an action potential,B,ori_mmlu-high_school_biology
All of the following play a role in morphogenesis EXCEPT,apoptosis,homeotic genes,operons,inductive effects,C,ori_mmlu-high_school_biology
"Most animal cells, regardless of species, are relatively small and about the same size. Relative to larger cells, why is this?",Smaller cells avoid excessive osmosis and subsequent lysis.,Smaller cells have a smaller surface-to-volume ratio.,Smaller cells have a larger surface-to-volume ratio.,Smaller cells fit together more tightly.,C,ori_mmlu-high_school_biology
"In modern terminology, diversity is understood to be a result of genetic variation. Sources of variation for evolution include all of the following except",mistakes in translation of structural genes.,mistakes in DNA replication.,translocations and mistakes in meiosis.,recombination at fertilization.,A,ori_mmlu-high_school_biology
"Within a few weeks of treatment with the drug 3TC, a patient's HIV population consists entirely of 3TC-resistant viruses. How can this result best be explained?",HIV can change its surface proteins and resist vaccines.,The patient must have become reinfected with 3TC-resistant viruses.,HIV began making drug-resistant versions of reverse transcriptase in response to the drug.,"A few drug-resistant viruses were present at the start of treatment, and natural selection increased their frequency.",D,ori_mmlu-high_school_biology
"The higher the proportion of loci that are ""fixed"" in a population, the lower is that population's",nucleotide variability.,genetic polyploidy.,average heterozygosity.,A and C only,D,ori_mmlu-high_school_biology
Most Swiss starlings produce four to five eggs in each clutch. Those producing fewer or more than this have reduced fitness. Which of the following terms best describes this?,artificial selection,directional selection,stabilizing selection,disruptive selection,C,ori_mmlu-high_school_biology
"When driving from east to west in the U.S. from a forest ecosystem to grasslands, trees gradually give way to grasses. Which of the following is the critical factor responsible for this shift?",Amount of sunlight,Availability of oxygen,Availability of water,Length of growing season,C,ori_mmlu-high_school_biology
"Within a cell, the amount of protein synthesized using a given mRNA molecule depends in part on which of the following?",DNA methylation suppresses the expression of genes.,"Transcription factors mediate the binding of RNA polymerase and the initiation of transcription, which will determine how much protein is manufactured.",The speed with which mRNA is degraded will determine how much protein is synthesized.,The location and number of ribosomes in a cell will solely determine how much protein is synthesized.,C,ori_mmlu-high_school_biology
"A rooster with gray feathers and a hen with the same phenotype produce 17 gray, 7 black, and 8 white chicks. What is the simplest explanation for the inheritance of these colors in chickens?",The trait for gray is epistatic over the trait for black.,The trait for gray is epistatic over the trait for white.,The traits for black and white color demonstrate incomplete dominance.,The traits for black and white color demonstrate codominance.,C,ori_mmlu-high_school_biology
Which of the following principles is NOT part of Darwin's theory of evolution by natural selection?,Evolution is a gradual process that occurs over a long period of time.,Every population has tremendous variation.,Mutations are the main source of all variation in a population.,"Organisms will overpopulate area, giving rise to competition.",C,ori_mmlu-high_school_biology
Chemical substances released by organisms that elicit a physiological or behavioral response in other members of the same species are known as,auxins,hormones,pheromones,enzymes,C,ori_mmlu-high_school_biology
"In reference to a segment of DNA, which of the following molecules contains the fewest number of nucleotides?",a single strand of the original DNA segment,a single strand of the original DNA segment after a point mutation,the primary RNA transcript (before splicing) from the original DNA,a single strand of complementary DNA (cDNA) made from the original DNA,D,ori_mmlu-high_school_biology
Imagine an organism whose 2n = 96. Meiosis would leave this organism’s cells with how many chromosomes?,192,96,48,24,C,ori_mmlu-high_school_biology
Which of the following would most likely describe the fate of a vesicle formed as a result of phagocytosis?,The vesicle merges with a mitochondrion.,The vesicle merges with a lysosome.,"The vesicle is shuttled to the nucleus, and its contents become part of the nucleolus.",The vesicle releases its contents to the cytoplasm to be digested.,B,ori_mmlu-high_school_biology
"A population undergoes a shift in which those who are really tall and those who are really short decrease in relative frequency compared to those of medium size, due to a change in the availability of resources. This is an example of",directional selection.,stabilizing selection.,disruptive selection.,sympatric speciation.,B,ori_mmlu-high_school_biology
The nucleotide sequence of a DNA molecule is 5′-C-A-T-3′. A mRNA molecule with a complementary codon is transcribed from the DNA in the process of protein synthesis a tRNA pairs with a mRNA codon. What is the nucleotide sequence of the tRNA anticodon?,5′-G-T-A-3′,5′-G-U-A-3′,5′-C-A-U-3′,5-′U-A-C-3′,C,ori_mmlu-high_school_biology
"A biologist studied a population of squirrels for 15 years. During that time, the population was never fewer than 30 squirrels and never more than 45. Her data showed that over half of the squirrels born did not survive to reproduce, because of competition for food and predation. In a single generation, 90% of the squirrels that were born lived to reproduce, and the population increased to 80. Which inference(s) about this population might be true?",The amount of available food may have increased.,The number of predators may have decreased.,"The squirrels of subsequent generations should show greater levels of genetic variation than previous generations, because squirrels that would not have survived in the past will now survive.","A, B, and C",D,ori_mmlu-high_school_biology
"Which group is composed entirely of individuals who maintained that species are fixed (i.e., unchanging)?","Aristotle, Cuvier, and Lamarck","Linnaeus, Cuvier, and Lamarck","Lyell, Linnaeus, and Lamarck","Aristotle, Linnaeus, and Cuvier",D,ori_mmlu-high_school_biology
"Except for identical twins, no two people are genetically identical. Which of the following statements most accurately describes the main source of variation in humans?",The main source of variation in humans is genetic drift.,Changes in the environment cause rapid changes in different human populations.,Shuffling of alleles is responsible for the greatest variation in humans.,Mutations are responsible for the greatest changes in different human populations.,C,ori_mmlu-high_school_biology
"An eager AP Biology student interested in studying osmosis and the movement of water in solutions took a dialysis bag containing a 0.5 M solution and placed it into a beaker containing a 0.6 M solution. If this bag were instead placed into a beaker of distilled water, what would be the expected result?","There will be a net flow of water out of the bag, causing it to decrease in size.","There will be a net flow of water into the bag, causing it to swell in size.",The bag will remain the exact same size because no water will move at all.,The solute will flow out of the dialysis bag into the beaker.,B,ori_mmlu-high_school_biology
Crossing-over during meiosis permits scientists to determine,the chance for variation in zygotes,the rate of mutations,the distance between genes on a chromosome,which traits are dominant or recessive,C,ori_mmlu-high_school_biology
"An organism exposed to wild temperature fluctuations shows very little, if any, change in its metabolic rate. This organism is most probably a",ectotherm.,endotherm.,thermophyle.,ascospore.,B,ori_mmlu-high_school_biology
What was the prevailing notion prior to the time of Lyell and Darwin?,"Earth is a few thousand years old, and populations are unchanging.","Earth is a few thousand years old, and populations gradually change.","Earth is millions of years old, and populations rapidly change.","Earth is millions of years old, and populations are unchanging.",A,ori_mmlu-high_school_biology
"On Andros Islands in the Bahamas, populations of mosquito fish, Gambusia hubbsi, colonized a series of ponds. These ponds are no longer connected. However, the environments are very similar except that some ponds contain predatory fish, while others do not. In high predation ponds, selection has favored the evolution of a body shape that enables rapid bursts of speed. In low predation ponds, another body type is favored—one that is well-suited to swim for long periods of time.",Reproductive isolation caused geographic isolation.,Reproductive isolation was not complete.,Allopatric isolation brought about reproductive isolation.,Sympatric isolation brought about reproductive isolation.,C,ori_mmlu-high_school_biology
"A proficient engineer can easily design skeletal structures that are more functional than those currently found in the forelimbs of such diverse mammals as horses, whales, and bats. That the actual forelimbs of these mammals do not seem to be optimally arranged is because","natural selection has not had sufficient time to create the optimal design in each case, but will do so given enough time.",natural selection operates in ways that are beyond the capability of the human mind to comprehend.,"in many cases, phenotype is not merely determined by genotype, but by the environment as well.",natural selection is generally limited to modifying structures that were present in previous generations and in previous species.,D,ori_mmlu-high_school_biology
Which of the following pieces of evidence most strongly supports the common origin of all life on Earth?,All organisms require energy.,All organisms use essentially the same genetic code.,All organisms reproduce.,All organisms show heritable variation.,B,ori_mmlu-high_school_biology
Organisms in which of the following phyla have a true coelom?,Platyhelminthes,Porifera,Annelida,Nematoda,B,ori_mmlu-high_school_biology
"A certain autosomal recessive trait is expressed in 1% of a population. Assuming that the population is in Hardy-Weinberg equilibrium, what percent of the population are carriers but do not express the trait?",10%,18%,27%,50%,B,ori_mmlu-high_school_biology
Which of the following statements is NOT correct about apoptosis?,"Apoptosis, a special type of cell division, requires multiple cell signaling.",The fact that apoptosis is widespread across several kingdoms is evidence that it evolved early in the evolution of eukaryotes.,Apoptosis plays a crucial role in the development of fingers in embryonic development.,Apoptosis prevents an aging and dying cell from damaging neighboring cells.,A,ori_mmlu-high_school_biology
All of the following organs in the digestive system secrete digestive enzymes EXCEPT the,mouth,stomach,gall bladder,small intestine,C,ori_mmlu-high_school_biology
Which of the following is an example of a cline?,The hybrid tomato plant is stronger and produces better fruit than the pure genotype.,There are two distinct varieties in one population of snail that inhabits an island in the Pacific Ocean.,Males of some species have long antlers to fight other males for females.,"In one species of rabbit, the ones that evolved in the cold, snowy north are white, while the ones that evolved in the south are brown.",D,ori_mmlu-high_school_biology
"A healthy man and woman are worried about having children because they are both carriers of sickle-cell disease. If the couple have a biological child, what is the chance that the child will inherit sickle-cell disease?",100%,75%,50%,25%,D,ori_mmlu-high_school_biology
Which of the following is the direct energy source that allows ATP synthase to produce ATP in mitochondria?,NADH diffusing from the mitochondrial intermembrane space to the matrix,The reduction of NAD+ during the conversion of pyruvate to acetyl-CoA,H+ ions flowing down a gradient across the mitochondrial inner membrane,The energy of electrons passing along the electron transport chain,C,ori_mmlu-high_school_biology
"Unlike large populations, small populations are vulnerable to various processes that draw populations down an extinction vortex toward smaller and smaller populations until no individuals survive. Which of the following statements correctly identifies the factors that endanger a population?",Inbreeding and loss of genetic variation threaten a population.,Migration of new individuals into the population threatens a population.,Mutation reduces the health of a population.,Breeding with individuals from a different population may cause the extinction of the first population due to a decrease in diversity.,A,ori_mmlu-high_school_biology
Which describes an African butterfly species that exists in two strikingly different color patterns?,artificial selection,directional selection,stabilizing selection,disruptive selection,D,ori_mmlu-high_school_biology
Which of the following about meiosis is NOT true?,Meiosis produces two haploid gametes.,Homologous chromosomes join during synapsis.,Sister chromatids separate during meiosis I.,Crossing-over increases genetic variation in gametes.,C,ori_mmlu-high_school_biology
Which of the following characteristics would allow you to distinguish a prokaryotic cell from an animal cell?,Ribosomes,Cell membrane,Chloroplasts,Cell wall,D,ori_mmlu-high_school_biology
"When oxygen becomes unavailable, this process regenerates NAD+, allowing respiration to continue.",Glycolysis,Chemiosmosis,Fermentation,Calvin cycle,C,ori_mmlu-high_school_biology
"In most ecosystems, net primary productivity is important because it represents the",energy available to producers,total solar energy converted to chemical energy by producers,biomass of all producers,energy available to heterotrophs,D,ori_mmlu-high_school_biology
"During a study session about evolution, one of your fellow students remarks, ""The giraffe stretched its neck while reaching for higher leaves; its offspring inherited longer necks as a result."" Which statement is most likely to be helpful in correcting this student's misconception?",Characteristics acquired during an organism's life are generally not passed on through genes.,Spontaneous mutations can result in the appearance of new traits.,Only favorable adaptations have survival value.,Disuse of an organ may lead to its eventual disappearance.,A,ori_mmlu-high_school_biology
Incomplete dominance and epistasis are two terms that define genetic relationships. Which of the following statements best describes the differences or similarities between the two terms?,Both terms describe inheritance controlled by the interaction of multiple alleles at different loci.,Both terms describe inheritance controlled by the interaction of multiple genes at different loci.,Incomplete dominance describes the interaction of two genes at different loci; epistasis describes the interaction of two alleles.,Incomplete dominance describes the interaction of two alleles on one gene; epistasis describes the interaction of two genes and their respective alleles.,D,ori_mmlu-high_school_biology
Which of the following statements about the DNA in one of your liver cells is correct?,Your liver cells contain the same DNA as your white blood cells.,Most of the DNA in your liver cells will be transcribed but not translated.,Most of the DNA in your liver cells will be transcribed in the nucleus and translated in the cytoplasm.,"DNA in your liver cells contains genes unique to storing glycogen, while other cells do not contain those genes.",A,ori_mmlu-high_school_biology
Energy is harvested during cellular respiration in stages. Which of the following correctly states which phase of cellular respiration harvests the most energy and the correct explanation why?,The most energy is released during the Krebs cycle because it is here that pyruvate is completely broken down into CO2.,"The most energy is released during the Krebs cycle because in addition to the production of ATP, both FADH2 and NADH are produced. Each of those molecules will release 2 ATPs and 3 ATPs, respectively.","The most energy is released during oxidative phosphorylation because in addition to the phosphorylation of ADP into ATP, all the potential energy held in NADH and FADH is transferred to ATP.",The most energy is released during oxidative phosphorylation because H2O is completely broken down into H+ and O2.,C,ori_mmlu-high_school_biology
"If a couple has had three sons and the woman is pregnant with their fourth child, what is the probability that child 4 will also be male?",1/2,1/4,1/8,1/16,A,ori_mmlu-high_school_biology
Which of the following is an incorrect statement about gel electrophoresis?,DNA migrates from positive charge to negative charge.,Smaller DNA travels faster.,The DNA migrates only when the current is running.,"The longer the current is running, the farther the DNA will travel.",A,ori_mmlu-high_school_biology
Which of the following observations helped Darwin shape his concept of descent with modification?,Species diversity declines farther from the equator.,Fewer species live on islands than on the nearest continents.,Birds can be found on islands located farther from the mainland than the birds' maximum nonstop flight distance.,South American temperate plants are more similar to the tropical plants of South America than to the temperate plants of Europe.,D,ori_mmlu-high_school_biology
Those being hunted adopt a coloring scheme that allows them to blend in to the colors of the environment.,Aposomatic coloration,Batesian mimicry,Deceptive markings,Cryptic coloration,D,ori_mmlu-high_school_biology
The theory of evolution is most accurately described as,an educated guess about how species originate.,"one possible explanation, among several scientific alternatives, about how species have come into existence.",an opinion that some scientists hold about how living things change over time.,"an overarching explanation, supported by much evidence, for how populations change over time.",D,ori_mmlu-high_school_biology
All of the following play an important role in regulating respiration in humans EXCEPT,an increase in the amount of CO2 in the blood,a decrease in the amount of O2 in the blood,a decrease in the plasma pH level,strenuous exercise,B,ori_mmlu-high_school_biology
A lizard lacking a chemical defense mechanism that is colored in the same way as a lizard that has a defense mechanism is displaying,aposometric coloration.,cryptic coloration.,Batesian mimicry.,Müllerian mimicry.,C,ori_mmlu-high_school_biology
Sexual dimorphism is most often a result of,pansexual selection.,stabilizing selection.,intrasexual selection.,intersexual selection.,D,ori_mmlu-high_school_biology
"Stomata allow gases, such as H2O and CO2, to exchange between the inside of a plant leaf and the surrounding environment. Which of the following occurs under normal daytime environmental conditions?",H2O diffuses out of the leaf faster than CO2 enters.,H2O diffuses out of the leaf slower than CO2 enters.,CO2 diffuses out of the leaf faster than H2O enters.,H2O exchanges with CO2 at equal rates.,A,ori_mmlu-high_school_biology
The pH of two lakes is measured. Lake A has a pH of 8.0; Lake B has a pH of 6.0. Which of the following statements is correct about these lakes?,Lake B is alkaline.,Lake B is 100 times more alkaline than Lake A.,The hydrogen ion concentration of Lake B is 104 M.,The pH of both lakes will decrease in response to acid rain.,D,ori_mmlu-high_school_biology
A plant grows in the opposite direction of the gravitational force. This is an example of,positive thignotropism,negative phototropism,positive phototropism,negative gravitropism,D,ori_mmlu-high_school_biology
"In plants, the tendency of climbing vines to twine their tendrils around a trellis is called",thigmotropism,hydrotropism,phototropism,geotropism,A,ori_mmlu-high_school_biology
The principle inorganic compound found in living things is,carbon,oxygen,water,glucose,C,ori_mmlu-high_school_biology
"In a hypothetical population's gene pool, an autosomal gene, which had previously been fixed, undergoes a mutation that introduces a new allele, one inherited according to incomplete dominance. Natural selection then causes stabilizing selection at this locus. Consequently, what should happen over the course of many generations?",The proportions of both types of homozygote should decrease.,The proportion of the population that is heterozygous at this locus should remain constant.,The population's average heterozygosity should increase.,Both A and C,D,ori_mmlu-high_school_biology
Which of the following is the correct characteristic of arteries?,They are thin-walled blood vessels.,They contain valves that prevent backflow.,They always carry oxygenated blood.,They carry blood away from the heart.,D,ori_mmlu-high_school_biology
Which of the following statements about trypsin is NOT true?,It is an organic compound made of proteins.,It is a catalyst that alters the rate of a reaction.,It is operative over a wide pH range.,The rate of catalysis is affected by the concentration of substrate.,C,ori_mmlu-high_school_biology
Which of the following are traits that are affected by more than one gene?,Heterozygous traits,Pleiotropic traits,Polygenic traits,Blended alleles,C,ori_mmlu-high_school_biology
A student conducts an experiment to test the efficiency of a certain enzyme. Which of the following protocols would probably not result in a change in the enzyme’s efficiency?,Bringing the temperature of the experimental setup from 20°C to 50°C,Adding an acidic solution to the setup,Adding substrate but not enzyme,Placing the substrate and enzyme in a container with double the capacity,D,ori_mmlu-high_school_biology
"The geneticist Mary Lyon hypothesized the existence of structures visible just under the nuclear membrane in mammals, which were later named Barr bodies. Which of the following statement is NOT correct about Barr bodies?","In the early female embryo, one copy of the X chromosome becomes inactivated in every body cell.",The same chromosome in every cell of a normal female is inactivated.,A male with the XXY genotype will have one Barr body.,Barr bodies consist of highly methylated DNA.,B,ori_mmlu-high_school_biology
All of the following are examples of events that can prevent interspecific breeding EXCEPT,the potential mates experience geographic isolation,the potential mates experience behavioral isolation,the potential mates have different courtship rituals,the potential mates have similar breeding seasons,D,ori_mmlu-high_school_biology
The relatives of a group of pelicans from the same species that separated from each other because of an unsuccessful migration are reunited 150 years later and find that they are unable to produce offspring. This is an example of,allopatric speciation.,sympatric speciation.,genetic drift.,gene flow.,A,ori_mmlu-high_school_biology
"If two modern organisms are distantly related in an evolutionary sense, then one should expect that",they live in very different habitats.,they should share fewer homologous structures than two more closely related organisms.,their chromosomes should be very similar.,they shared a common ancestor relatively recently.,B,ori_mmlu-high_school_biology
Which of the following statements correctly describes what happens to the preRNA during RNA processing?,Introns are removed in the nucleus. A 5′ cap and the poly-A tail are added after the preRNA leaves the nucleus.,Introns are removed and both a 5′ cap and a poly-A tail are added before the preRNA leaves the nucleus.,"Exons are removed and a 5′ cap is added before the preRNA leaves the nucleus. After leaving the nucleus, the poly-A tail is added.","Point mutations are repaired, exons are removed, and both a 5′ cap and a poly-A tail are added before the preRNA leaves the nucleus.",B,ori_mmlu-high_school_biology
"Nymphaea odorata, a water lily, is an aquatic plant whose leaves and flowers float on the surface of the water. Which of the following characteristics would be expected for leaves of this plant?",stomata on the top surface and relatively few water-conducting (xylem) cells,stomata on the top surface and relatively many water-conducting (xylem) cells,stomata on the bottom surface and relatively few water-conducting (xylem) cells,stomata on the bottom surface and relatively many water-conducting (xylem) cells,A,ori_mmlu-high_school_biology
Which of the following statements is not correct about lipids?,Lipids consist of fatty acids and glycerol.,Steroids are examples of lipids.,The molecules of a saturated fatty acid are packed so close together that they form a solid at room temperature.,"The head of a phospholipid is hydrophobic, and the tails are hydrophilic.",D,ori_mmlu-high_school_biology
Which of the following statements about the immune system is NOT correct?,"Innate immunity, also known as the adaptive immune response, relies on circulating phagocytes engulfing foreign substances.",Adaptive immunity is a slower response than innate immunity.,Innate immunity activates a humoral response.,Dendritic cells are antigen presenting cells.,A,ori_mmlu-high_school_biology
Which of the following is most correct concerning cell differentiation in vertebrates?,"Cells in different tissues contain different sets of genes, leading to structural and functional differences.",Differences in the timing and expression levels of different genes leads to structural and functional differences.,Differences in the reading frame of mRNA leads to structural and functional differences.,Differences between tissues result from spontaneous morphogenesis.,B,ori_mmlu-high_school_biology
"All of the following support the endosymbiotic theory that ancestors of mitochondria and chloroplasts were once independent, free-living prokaryotes EXCEPT:",Mitochondria and chloroplasts divide independently of the eukaryotic host cell by a process similar to binary fission.,Mitochondria and chloroplasts have ribosomes that more closely resemble those of bacteria than of eukaryotic cells.,Mitochondria and chloroplasts function independently from the eukaryotic host cell.,"Mitochondria, chloroplasts, and bacteria have a single, circular chromosome without histones or proteins.",C,ori_mmlu-high_school_biology
"In general, animal cells differ from plant cells in that animal cells have",a cell wall made of cellulose,lysosomes,large vacuoles that store water,centrioles within centrosomes,D,ori_mmlu-high_school_biology
Which statement about the beak size of finches on the island of Daphne Major during prolonged drought is true?,"Each bird evolved a deeper, stronger beak as the drought persisted.","Each bird developed a deeper, stronger beak as the drought persisted.",Each bird's survival was strongly influenced by the depth and strength of its beak as the drought persisted.,"Each bird that survived the drought produced only offspring with deeper, stronger beaks than seen in the previous generation.",C,ori_mmlu-high_school_biology
A feature of amino acids NOT found in carbohydrates is the presence of,carbon atoms,oxygen atoms,nitrogen atoms,hydrogen atoms,C,ori_mmlu-high_school_biology
"In chick embryos, the extraembryonic membrane that provides nourishment to the fetus is the",amnion,chorion,placenta,egg yolk,D,ori_mmlu-high_school_biology
A certain species of land snail exists as either a cream color or a solid brown color. Intermediate individuals are relatively rare. Which of the following terms best describes this?,artificial selection,directional selection,stabilizing selection,disruptive selection,D,ori_mmlu-high_school_biology
The acrosome and cortical reactions that occur immediately after fertilization ensure which of the following?,The sperm will fertilize the ovum.,The zygote will begin to divide normally.,One and only one sperm will fertilize the egg.,"The zygote will not divide into two embryos, producing twins.",C,ori_mmlu-high_school_biology
Which of these is the smallest unit that natural selection can change?,a species' gene frequency,a population's gene frequency,an individual's genome,an individual's genotype,B,ori_mmlu-high_school_biology
Which of these is the smallest unit upon which natural selection directly acts?,a species' gene frequency,a population's gene frequency,an individual's genome,an individual's phenotype,D,ori_mmlu-high_school_biology
A chemical agent is found to denature all enzymes in the synaptic cleft. What effect will this agent have on acetylcholine?,Acetylcholine will not be released from the presynaptic membrane.,Acetylcholine will not bind to receptor proteins on the postsynaptic membrane.,Acetylcholine will not diffuse across the cleft to the postsynaptic membrane.,Acetylcholine will not be degraded in the synaptic cleft.,D,ori_mmlu-high_school_biology
"The reaction A + B → C is catalyzed by enzyme K. If the reaction is in equilibrium, which of the following would allow more product C to be produced?",removing some of reactant A,removing some of reactant C,adding more enzyme K,increasing the temperature of the system,B,ori_mmlu-high_school_biology
Which of the following adaptive features would least likely be found in an animal living in a hot arid environment?,Long loops of Henle to maximize water reabsorption,Storage of water in fatty tissues,Large ears to aid in heat dispersion,Short loops of Henle to maximize water secretion,D,ori_mmlu-high_school_biology
Cattle breeders have improved the quality of meat over the years by which process?,artificial selection,directional selection,stabilizing selection,A and B,D,ori_mmlu-high_school_biology
"Of the following anatomical structures, which is homologous to the wing of a bird?",Dorsal fin of a shark,Hindlimb of a kangaroo,Wing of a butterfly,Flipper of a cetacean,D,ori_mmlu-high_school_biology
"A researcher is experimenting with nerve transmission using neurons from a giant squid. At the beginning of the experiment, the axon is at rest and has a threshold measured at –70 mV at 37oC. The axon receives one stimulus that triggers one action potential in the axon. Subsequent stimuli are much stronger. Which of the following statements explains what happens when several strong stimuli are experienced by the axon?",The axon becomes hyperpolarized to –90 mV.,The axon becomes hyperpolarized to –50 mV.,The strength of the action potential becomes greater.,The frequency of the action potential increases.,D,ori_mmlu-high_school_biology
The structure of ATP synthase in the plasma membranes of bacteria is nearly identical to that in the mitochondria and chloroplasts of eukaryotic cells. This similarity best supports which of the following hypotheses?,Eukaryotic and prokaryotic cells share a common ancestor.,"Mitochondria are derived from ancient aerobic bacteria, and chloroplasts are derived from ancient photosynthetic bacteria.","The similarity of ATP synthase in bacteria, mitochondria, and chloroplasts is an example of convergent evolution.",Mitochondria and chloroplasts escaped from eukaryotic cells and formed aerobic and photosynthetic prokaryotes.,B,ori_mmlu-high_school_biology
"A researcher grows a population of ferns in her laboratory. She notices, after a few generations, a new variant that has a distinct phenotype. When she tries to breed the original phenotype with the new one, no offspring are produced. When she breeds the new variants, however, offspring that look like the new variant result. Which of the following is likely to exhibit the process described earlier?",Fallow deer,Fruit flies,Grass,Spotted toads,C,ori_mmlu-high_school_biology
The average birth weight for human babies is about 3 kg. Which of the following terms best describes this?,artificial selection,directional selection,stabilizing selection,disruptive selection,C,ori_mmlu-high_school_biology
Hemoglobin is a molecule that binds to both O2 and CO2. There is an allosteric relationship between the concentrations of O2 and CO2. Hemoglobin's affinity for O2,decreases as blood pH decreases,increases as H+ concentration increases,increases in exercising muscle tissue,decreases as CO2 concentration decreases,A,ori_mmlu-high_school_biology
"A researcher grows a population of ferns in her laboratory. She notices, after a few generations, a new variant that has a distinct phenotype. When she tries to breed the original phenotype with the new one, no offspring are produced. When she breeds the new variants, however, offspring that look like the new variant result. Which of the following could possibly characterize the new variant?",Adaptive radiation,Divergent selection,Equilibrium,Polyploidy,D,ori_mmlu-high_school_biology
Charles Darwin was the first person to propose,that evolution occurs.,a mechanism for how evolution occurs.,that the Earth is older than a few thousand years.,a mechanism for evolution that was supported by evidence.,D,ori_mmlu-high_school_biology
"Two individuals, one with type B blood and one with type AB blood, have a child. The probability that the child has type O blood is",0%,25%,50%,100%,A,ori_mmlu-high_school_biology
A reaction that includes energy as one of its reactants is called a(n),exergonic reaction.,hydrolysis reaction.,endergonic reaction.,redox reaction.,C,ori_mmlu-high_school_biology
"Many different fermentation pathways occur in different organisms in nature. For example, skeletal muscle cells convert pyruvate into lactic acid when no oxygen is present. Yeast cells can produce alcohol and carbon dioxide under the same circumstances. However, regardless of the specific reactions, the purpose of glycolysis is an important one. Which statement best describes the importance of glycolysis?",It produces large amounts of ATP by substrate level phosphorylation.,It reoxidizes NADH so that glycolysis can continue.,"It produces pyruvate, which is the raw material for oxidative phosphorylation.",It occurs in the cytoplasm.,B,ori_mmlu-high_school_biology
Which of the following is not a form of interspecies interaction?,Commensalism,Succession,Mutualism,Parasitism,B,ori_mmlu-high_school_biology
"Apoptosis, which is programmed cell death, is a necessary process in living organisms. Which of the following is NOT correct about apoptosis?",It occurs randomly.,A particular cell dies when it is no longer needed by the organism.,A cell carries out apoptosis when too many mutations have accumulated.,Plant cells carry out apoptosis as a defense measure in cells that have been infected by parasites.,A,ori_mmlu-high_school_biology
"Structures as different as human arms, bat wings, and dolphin flippers contain many of the same bones, these bones having developed from very similar embryonic tissues. How do biologists interpret these similarities?",By identifying the bones as being homologous,By the principle of convergent evolution,"By proposing that humans, bats, and dolphins share a common ancestor",A and C only,D,ori_mmlu-high_school_biology
"Tay-Sachs is a disease caused by a recessive allele. Individuals with the genetic disorder usually do not survive more than a few years, and thus are not able to reproduce and pass on the gene. What would explain how this allele and its associated disease is preserved in the population?",Heterozygous individuals will show no symptoms.,Spontaneous mutation converts the dominant allele to the recessive form.,Occasionally the gene will instead increase the fitness of the individual.,Tay-Sachs is asymptomatic in people who are homozygous recessive.,A,ori_mmlu-high_school_biology
"In the Tularosa Basin of New Mexico are black lava formations surrounded by light-colored sandy desert. Pocket mice inhabit both areas. Dark-colored ones inhabit the lava formations, while light-colored mice inhabit the desert. Which of the following statements is correct about this scenario?",The two varieties of mice descended from a recent common ancestor.,The mouse population was originally one population that diverged into two species because of mutations.,Selection favors some phenotypes over others.,"Originally the mice were all dark colored. As the lava decomposed into sand, the color of some mice changed because that color was favored in that environment.",C,ori_mmlu-high_school_biology
The endocrine system maintains homeostasis using many feedback mechanisms. Which of the following is an example of positive feedback?,"Infant suckling causes a mother's brain to release oxytocin, which in turn stimulates milk production.",An enzyme is allosterically inhibited by the product of the reaction it catalyzes.,When ATP is abundant the rate of glycolysis decreases.,"When blood sugar levels decrease to normal after a meal, insulin is no longer secreted.",A,ori_mmlu-high_school_biology
Which of the following is the source of oxygen produced during photosynthesis?,H2O,H2O2,CO2,CO,A,ori_mmlu-high_school_biology
An eager AP Biology student interested in studying osmosis and the movement of water in solutions took a dialysis bag containing a 0.5 M solution and placed it into a beaker containing a 0.6 M solution. Which of the following is true about water potential?,An eager AP Biology student interested in studying osmosis and the movement of water in solutions took a dialysis bag containing a 0.5 M solution and placed it into a beaker containing a 0.6 M solution. It drives the movement of water from a region of lower water potential to a region of higher water potential.,Solute potential is the only factor that determines the water potential.,Pressure potential combines with solute potential to determine the water potential.,Water potential always drives water from an area of lower pressure potential to an area of higher pressure potential.,C,ori_mmlu-high_school_biology
Which of the following is a frameshift mutation?,CAT HAS HIS → CAT HAS HIT,CAT HAS HIS → CAT HSH ISA,CAT HAS HIS → CAT HIS HAT,CAT HAS HIS → CAT WAS HIT,B,ori_mmlu-high_school_biology
All of the following are examples of hydrolysis EXCEPT,conversion of fats to fatty acids and glycerol,conversion of proteins to amino acids,conversion of starch to simple sugars,conversion of pyruvic acid to acetyl CoA,D,ori_mmlu-high_school_biology
This biome has cold winters and is known for its pine forests.,Desert,Tundra,Taiga,Deciduous forests,D,ori_mmlu-high_school_biology
Viruses are considered an exception to the cell theory because they,are not independent organisms,have only a few genes,move about via their tails,have evolved from ancestral protists,A,ori_mmlu-high_school_biology
A child with type A B blood inherits an IA allele from one parent and an IB allele from the other. The child will carry both A and B glycoproteins on the surface of all red blood cells. This pattern of expression is referred to as,codominance,epistasis,polygenic,linkage,C,ori_mmlu-high_school_biology
"A large island is devastated by a volcanic eruption. Most of the horses die except for the heaviest males and heaviest females of the group. They survive, reproduce, and perpetuate the population. Since weight is highly heritable and the distribution of weights approximates a binomial distribution, the offspring of the next generation would be expected to have",a higher mean weight compared with their parents,a lower mean weight compared with their parents,the same mean weight as members of the original population,a higher mean weight compared with members of the original population,D,ori_mmlu-high_school_biology
"This process has as its products NADP+, ADP, and sugar.",Glycolysis,Chemiosmosis,Fermentation,Calvin cycle,D,ori_mmlu-high_school_biology
"A scientist carries out a cross between two guinea pigs, both of which have black coats. Black hair coat is dominant over white hair coat. Three quarters of the offspring have black coats, and one quarter have white coats. The genotypes of the parents were most likely",bb × bb,Bb × Bb,Bb × bb,BB × Bb,B,ori_mmlu-high_school_biology
"The tandem back-and-forth evolution of closely related species, which is exemplified by predator-prey relationships.",Divergent evolution,Convergent evolution,Parallel evolution,Coevolution,D,ori_mmlu-high_school_biology
"In the process of generating ATP, hydrogen ions (H+, or protons) are transported across the inner mitochondrial membrane and the thylakoid membrane by a proton pump (an ATPase). You would expect to find similar proton pumps in the plasma membranes of",bacteria,mammalian muscle cells,mammalian nerve cells,plants and fungi,A,ori_mmlu-high_school_biology
The base composition of DNA varies from one species to another. Which of the following ratios would you expect to remain constant in the DNA?,Cytosine : Adenine,Pyrimidine : Purine,Adenine : Guanine,Guanine : Deoxyribose,B,ori_mmlu-high_school_biology
Which is a true statement concerning genetic variation?,It is created by the direct action of natural selection.,It arises in response to changes in the environment.,It must be present in a population before natural selection can act upon the population.,It tends to be reduced by the processes involved when diploid organisms produce gametes.,C,ori_mmlu-high_school_biology
A piece of potato is dropped into a beaker of pure water. Which of the following describes the activity after the potato is immersed into the water?,Water moves from the potato into the surrounding water.,Water moves from the surrounding water into the potato.,Potato cells plasmolyze.,Solutes in the water move into the potato.,B,ori_mmlu-high_school_biology
"Based on the characteristic population curves that result from plotting population growth of a species, the most effective means of controlling the mosquito population is to",maintain the population at a point corresponding to the midpoint of its logistic curve,opt for zero population control once the K value of the curve has been reached,reduce the carrying capacity cif the environment to lower the K value,increase the mortality rate,C,ori_mmlu-college_biology
A frameshift mutation is created when,telomeric sequences are removed from DNA,a codon's nucleotide sequence changes so that it calls for production of a different amino acid than the original one,a base pair is either inserted or deleted in a gene,a codon's nucleotide sequence is changed so that instead of coding for a given amino acid it acts to terminate translation,C,ori_mmlu-college_biology
"To prevent desiccation and injury, the embryos of terrestrial vertebrates are encased within a fluid secreted by the",amnion,chorion,allantois,yolk sac,A,ori_mmlu-college_biology
Which of the following is a second messenger that stimulates release of calcium ions into the cytoplasm?,Prostaglandins,Inositol triphosphate,Cyclic AMP,Calmodulin,B,ori_mmlu-college_biology
Synthesis of an RNA/DNA hybrid from a single-stranded RNA template requires,a DNA or RNA primer and reverse transcriptase,a DNA or RNA primer and DNA polymerase,RNase only,reverse transcriptase only,A,ori_mmlu-college_biology
"In order for the Hardy-Weinberg law to operate with respect to a population of organisms, each of the following conditions must be met EXCEPT:",Genes are exchanged with other populations.,Population size is large.,Natural selection does not take place.,Matings are random.,A,ori_mmlu-college_biology
Which of the following is NOT a source of atmospheric carbon?,Respiration,Photosynthesis,Bacterial decomposition,Combustion of fossil fuels,B,ori_mmlu-college_biology
Cleavage symmetry arising from early cell divisions that occur at an oblique angle to the polar axis is known as,meroblastic cleavage,radial cleavage,spiral cleavage,superficial cleavage,C,ori_mmlu-college_biology
Targeting of a newly synthesized protein is most likely to require two different signal peptides for which of the following destinations?,Plasma membrane,Lysosome,Cytosol,Chloroplast,D,ori_mmlu-college_biology
"In one taxonomic classification, Archaea, Eukarya, and Bacteria represent the three major domains of life. Eukarya utilize the general transcription factors TBP (TATA-binding protein) and TFIIB in transcription, whereas Bacteria do not. At least one member of Archaea has a protein similar to TBP and a protein similar to TFIIB. Based on this observation, which of the following scenarios is most likely?",Archaea and Eukarya diverged after their common ancestor diverged from Bacteria.,Archaea and Bacteria diverged after their common ancestor diverged from Eukarya.,Bacteria and Eukarya diverged after their common ancestor diverged from Archaea.,"Archaea, Eukarya, and Bacteria diverged simultaneously from a common ancestor.",A,ori_mmlu-college_biology
A rise in intracellular free calcium in the sea urchin oocyte causes the release of proteolytic enzymes which act to prevent polyspermy. The events just described entail the,zona reaction,acrosomal reaction,cortical reaction,fertilization reaction,C,ori_mmlu-college_biology
Which of the following is a benefit that mycorrhizal fungi confer to many plants?,They protect plant roots from desiccation in extremely dry habitats.,"They fix nitrogen, which is particularly important for plants in nitrogen-limited habitats.","They provide access to phosphorus, an essential element that is limited in many kinds of soils.",They provide carbon to plants in exchange for fixed nitrogen.,C,ori_mmlu-college_biology
The soils of which of the following biomes has the highest rate of leaching and cycling of nutrients?,Tropical rain forest,Tundra,Taiga,Desert,A,ori_mmlu-college_biology
Brood parasites such as the cuckoo successfully trick other species of birds into rearing their young by exploiting the host birds' instinctive response to the loud begging cues of a fledgling in their nest. The genes that allow the host bird species to be duped into rearing the cuckoo fledglings to the detriment of their own offspring most likely remain in the gene pool of the population because,"on average, the host birds' response allows them to rear their own young efficiently by feeding only those who indicate they are hungry",the maximum fitness of the duped bird is not compromised when the bird rears an interloper of another species,"on average, little energy is spent on rearing a fledgling bird, whether it is an interloper or one's own",the maximum fitness of the cuckoo would then be reduced,A,ori_mmlu-college_biology
"Cell motility, as viewed in a cultured fibroblast, encompasses all of the following EXCEPT",adhesion plaques,vinculin,clathrin,lamellipodia,C,ori_mmlu-college_biology
Adaptations of plants to minimize water loss in environments with high temperatures include which of the following?,Numerous stomata,Thin cuticles,Spines instead of leaves,Large surface-to-volume ratios,C,ori_mmlu-college_biology
All of the following might be found in connective tissue EXCEPT,thrombin,glycosaminoglycans,collagens,fibroblasts,A,ori_mmlu-college_biology
Which of the following is typically NOT found in normal somatic cells of a human male?,The entire genetic information possessed by the original zygote,An inactivated X chromosome,Forty-four autosomes,A diploid nucleus,B,ori_mmlu-college_biology
"The members of a bird species capable of nesting in treetops or on the ledges of nearby cliffs make their homes only in the treetops due to the established presence of a more aggressive bird species on the cliff ledges. With respect to habitat, the treetop-nesting birds are utilizing",their fundamental niche only,their realistic niche only,their ecological niche only,neither their fundamental niche nor their realistic niche,B,ori_mmlu-college_biology
A DNA strand with the sequence 5′ CGA TTG 3′ would be complementary to the sequence,5′ GCU AAC 3′,5′ GCT AAC 3′,5′ GTT AGC 3′,5′ CAA TCG 3′,D,ori_mmlu-college_biology
Which of the following statements concerning a sarcomere of a striated muscle (such as skeletal muscle) is correct?,During contraction H zones become elongated.,In the relaxed position tropomyosin impedes myosin's access to the binding site of actin.,Each myosin helical tail contains an actinbinding site and an ATP-hydrolyzing site.,"The proteins troponin and tropomyosin constitute the thick and thin filaments, respectively.",B,ori_mmlu-college_biology
Aggressive ants live in the swollen thorns of a small tropical tree and feed on oil-rich bodies that the tree produces at the tips of its leaflets. Which of the following experiments best tests the hypothesis that ants defend the plant by either killing or chasing away leaf-feeding insects?,Remove ants and measure subsequent leaf damage.,Remove oil-rich bodies and measure subsequent ant density.,Remove the thorns and measure subsequent density of ants.,Remove leaf-feeding insects and measure subsequent ant density.,A,ori_mmlu-college_biology
An embryologist studying the development of a vertebrate organism from the zygote stage to fetus would be justified in drawing which of the following conclusions?,Ontogeny recapitulates phylogeny.,"Early embryos display identical features of their class, order, and species.",An early human embryo has features in common with early fish and avian embryos.,A human embryo displays features of adult fish and birds in the course of its development.,A,ori_mmlu-college_biology
"A stem-boring beetle has laid its eggs in the center of a 5-year-old wood twig, and the eggs have matured into larvae. In proper order (inside to outside), what tissues and tissue regions would the larvae encounter as they eat their way toward the outside of the twig? (For simplicity, assume that the epidermis has already fallen off completely.)",Pith; primary xylem; secondary xylem; vascular cambium; primary phloem; secondary phloem; cortex,Pith; secondary xylem; primary xylem; vascular cambium; secondary phloem; primary phloem; cortex,Pith; secondary xylem; primary xylem; vascular cambium; primary phloem; secondary phloem; cortex,Pith; primary xylem; secondary xylem; vascular cambium; secondary phloem; primary phloem; cortex,D,ori_mmlu-college_biology
The following pairs were placed in solution together. Which two could be separated by performing low-speed centrifugation?,DNA and mRNA,Nuclei and secretory vesicles,Golgi apparatus and endoplasmic reticulum,Lysosomes and endosomes,B,ori_mmlu-college_biology
A healthy person sitting at rest consciously begins to breathe too fast. Which of the following describes the change in the person’s blood caused by this hyperventilation?,A decrease in partial pressure of carbon dioxide and an increase in concentration of hydrogen ions,A decrease in partial pressure of carbon dioxide and a decrease in concentration of hydrogen ions,An increase in partial pressure of carbon dioxide and an increase in concentration of hydrogen ions,An increase in partial pressure of carbon dioxide and a decrease in concentration of hydrogen ions,B,ori_mmlu-college_biology
A marine ecosystem region characterized by penetrance of solar radiation and upwelling of nutrients is the,bathyl zone,neritic zone,pelagic zone,benthyl zone,B,ori_mmlu-college_biology
"In humans, a hereditary disorder called xeroderma pigmentosum (XP) can result in the inability to repair ultraviolet damage to DNA. Which of the following molecular lesions is most likely to accrue in individuals with XP?",Thymine dimers,Deamination of cytosine,Depurination,Single strand DNA breaks,A,ori_mmlu-college_biology
All of the following may serve as intracellular messengers EXCEPT,calcium ions,cAMP,acetylcholine,"inositol 1,4,5-triphosphate",C,ori_mmlu-college_biology
All of the following statements about plant embryogenesis are correct EXCEPT:,The suspensor is derived from the basal cell.,Cotyledons are derived from the apical cell.,Shoot apical meristem formation occurs after seed formation.,Precursors of all three plant tissue systems are formed during embryogenesis.,C,ori_mmlu-college_biology
Mouse sperm contain receptor proteins that bind to a glycoprotein (ZP3) in the zona pellucida of mouse eggs. Binding of ZP3 receptors to ZP3 initiates the sperm’s acrosomal reaction. All of the following experimental observations would be expected EXCEPT:,Injecting eggs with antibodies that bind to ZP3 blocks in vitro fertilization.,Incubating sperm with purified ZP3 prior to mixing sperm and eggs blocks in vitro fertilization.,Incubating eggs with antibodies that bind to ZP3 blocks in vitro fertilization.,"Coating synthetic beads with a different glycoprotein, ZP2, fails to lead to sperm aggregation on the beads.",A,ori_mmlu-college_biology
Which of the following factors does NOT promote linkage disequilibrium?,Asexual reproduction,Coadapted gene complexes,Epistasis,Random mating,D,ori_mmlu-college_biology
"In an experiment, the first cleavage plane of an amphibian zygote was manipulated so that the gray crescent was contained in only one of the two blastomeres that result from the first cleavage. The two blastomeres were then separated. What is the expected fate of the blastomeres?",The blastomere with the gray crescent will grow in size more quickly than the one without the gray crescent.,"The blastomere with the gray crescent will form a complete, but small, embryo.","The blastomere without the gray crescent will form a complete, but small, embryo.",The blastomere with the gray crescent will stop dividing and die before the second cleavage.,B,ori_mmlu-college_biology
"Nerve outgrowth from a developing neuron begins at the growth cone, located at the tip of the axon. Microspikes of the growth cone extend and retract in order to move the growth cone forward. Exposure of the neuron to cytochasalin B at this stage of development causes",microtubules in the axon to undergo reversible dissociation,microtubules in the axon to undergo irreversible dissociation,microfilaments in the microspike to undergo reversible depolymerization,microfilaments in the microspike to undergo irreversible depolymerization,C,ori_mmlu-college_biology
The first groups of animals to develop lung tissue adequate to support their respiratory requirements without the use of supplementary gas exchange organs were the,amphibians,reptiles,mammals,trematoda,B,ori_mmlu-college_biology
"In the formation of the earliest cells, which of the following components most likely arose first?",Nucleus,Plasma membrane,Mitochondrion,Flagellum,B,ori_mmlu-college_biology
Fungi participate in each of the following EXCEPT,photosynthesis to produce glucose,fermentation to produce alcohol,association with humans to produce ringworm,association with the roots of plants to form mycorrhizae,A,ori_mmlu-college_biology
"In chloroplasts, a certain protein is found in the lumen of the thylakoid (thylakoid space). It is transcribed in the nucleus and synthesized on cytoplasmic ribosomes. How many membrane bilayers must this protein cross to reach its final location?",One,Two,Three,Four,C,ori_mmlu-college_biology
"During the mammalian cardiac cycle, a volume of blood equivalent to ventricular stroke volume is transferred from the more compliant venous side to the less compliant arterial side of the circulation. In terms of pressures within the venous and arterial compartments, this transfer results in",no change in pressure in either compartment,no effect on venous pressure and a small increase in arterial pressure,an increase in venous pressure and an equal but opposite decrease in arterial pressure,little effect on venous pressure and a large increase in arterial pressure,D,ori_mmlu-college_biology
Which of the following statements concerning the Golgi apparatus of a eukaryote is correct?,It is oriented in the cytoplasm so that its cis face is closest to the endoplasmic reticulum.,It is typically associated with small secretory vesicles located near its cis face.,Its composite flattened cisternae are continuous with one another.,Glycosylation of certain secretory proteins occurs prior to the protein's entry into its lumen.,A,ori_mmlu-college_biology
The first point of entry of water at the roots of a monocot plant is through the cytoplasm of cells of the,root cap,Casparian strip,pericycle,endoderm,D,ori_mmlu-college_biology
Which of the following plant cells undergoes programmed cell death to become functional?,Phloem sieve tube member,Xylem vessel member,Stomatal guard cell,Root cap cell,B,ori_mmlu-college_biology
Approximately what fraction of the human genome encodes proteins?,2%,25%,50%,90%,A,ori_mmlu-college_biology
A plant that grows along a trellis exhibits,thigmotropism,phototropism,gravidotropism,negative gravidotropism,A,ori_mmlu-college_biology
"If the activity of an enzyme is constant over a broad range of pH values, it is likely that",only ionizing groups on the enzyme participate in the reaction,only ionizing groups on the substrate participate in the reaction,ionizing groups on both the enzyme and substrate participate in the reaction,no ionizing groups on the enzyme or substrate participate in the reaction,D,ori_mmlu-college_biology
"In garden peas, the allele for tall plants (D) is completely dominant to the allele for dwarf plants (d) and the allele for violet flower color (W) is completely dominant to the allele for white flower color (w). In a cross between a tall violet plant, with the genotype DDWw, and a dwarf white plant, what phenotypic ratio of the progeny would be expected from this cross?",All tall violet,1 tall violet: 1 dwarf violet,1 tall violet: 1 tall white: 1 dwarf violet: 1 dwarf white,1 tall violet: 1 tall white,D,ori_mmlu-college_biology
Cancer cells grown in culture are similar to normal cells grown in culture in that they,divide an indefinite number of times,do not display contact inhibition,require a surface for attachment in order to grow,proliferate to the same cell density,C,ori_mmlu-college_biology
The amino acid ornithine is regenerated during each turn of the urea cycle in a similar manner to which of the following participants in the citric acid cycle?,Succinate,Fumarate,Oxaloacetate,Citrate,C,ori_mmlu-college_biology
Hybrids between some related species of plants are sterile because the parent plants had different chromosome numbers. Occasionally the chromosome number of such a hybrid plant doubles spontaneously. Which of the following best describes the descendants of those plants with the double chromosome number?,The plant with the double chromosome number would be genetically defective and have no descendants.,The descendants would be at a selective advantage because of the increased ability to introgress.,The descendants would be reproductively successful because they could backcross with the parental species.,The descendants would regain the ability to reproduce sexually because chromosomes could pair normally.,D,ori_mmlu-college_biology
Hardy-Weinberg equilibrium generally assumes all of the following EXCEPT,a large population,genetic drift,random mating,absence of selection,B,ori_mmlu-college_biology
"Which of the following depicts the correct sequence of membranes of the chloroplast, beginning with the innermost membrane and ending with the outermost membrane?","Thylakoid membrane, inner membrane, outer membrane","Inner membrane, outer membrane, thylakoid membrane","Outer membrane, inner membrane, thylakoid membrane","Strama, outer membrane, inner membrane",A,ori_mmlu-college_biology
The polytene chromosomes seen in Drosophila silvarentis with the aid of a light microscope are,not actively carrying out transcription,produced only during mitosis,produced by repeated rounds of DNA replication followed by nuclear division,multiple copies of a single chromosome,D,ori_mmlu-college_biology
Which of the following statements about mitochondria and chloroplasts is generally true?,Plants have chloroplasts but no mitochondria; animals have mitochondria but no chloroplasts.,Plants have chloroplasts but no mitochondria; fungi have mitochondria but no chloroplasts.,Plants and fungi have chloroplasts but no mitochondria; animals have only mitochondria.,Plants have both chloroplasts and mitochondria; animals and fungi have only mitochondria.,D,ori_mmlu-college_biology
How do cyanobacteria differ from green unicellular algae?,Cyanobacteria reduce sulfur compounds.,Cyanobacteria lack cell walls.,Cyanobacteria have no nuclei.,Green algae produce cell membranes.,C,ori_mmlu-college_biology
The target of digestion of a nucleosome dimer to nucleosome monomers by DNase is,the H1 histone,"histones H2A, H2B, H3, and H4",the nucleosome core,linker DNA,D,ori_mmlu-college_biology
All of the following environmental conditions increase the rate of transpiration from plants EXCEPT,high temperature,high relative humidity,low relative humidity,wind,B,ori_mmlu-college_biology
Which of the following statements about embryonic cleavage is NOT true?,The presence of yolk inhibits cleavage.,Telolecithal eggs undergo meroblastic cleavage.,The vegetal pole undergoes cleavage more readily than does the animal pole,The rapid mitotic divisions of cleavage directly give rise to blastomeres.,C,ori_mmlu-college_biology
"In eukaryotic photosynthetic cells, which of the following occurs when electrons flow cyclically through the electron transport chain associated with photosystem I?",Synthesis of ATP,Reduction of NADP+ to NADPH,Release of O2,Reduction of CO2 to sugar,A,ori_mmlu-college_biology
Many marine birds drink seawater yet maintain their internal osmolarity at a constant level that is hypoosmotic to seawater. Which of the following physiological strategies best explains how the birds maintain their tissue osmolarity?,Marine birds absorb water from the environment through specialized salt-exchange glands and produce large volumes of dilute urine in the kidneys.,Marine birds absorb salts from the environment through specialized salt-exchange glands and produce large volumes of concentrated urine in the kidneys.,Marine birds excrete salts through specialized salt-exchange glands and excrete small volumes of urine.,Marine birds excrete salts and nitrogenous wastes through specialized nasal glands.,C,ori_mmlu-college_biology
"A species of small rodent eats seeds from only one species of pine. In normal years, a pair of these rodents will have a litter of two or three. It is unusual for small rodents to have such small litter sizes. The rodents are most likely to exhibit which other characteristic?",Moderate sexual size dimorphism,High parental investment,Precocial young,Frequent extrapair matings,B,ori_mmlu-college_biology
"In the presence of alcohol dehydrogenase, the rate of reduction of acetaldehyde to ethanol increases as the concentration of acetaldehyde is increased. Eventually, the rate of the reaction reaches a maximum, after which point further increases in the concentration of acetaldehyde have no effect. Which of the following is true at the maximal rate of reaction?",Nearly all of the enzyme molecules are interacting with acetaldehyde molecules.,The activation energy of the reaction decreases.,The change in free energy of the reaction decreases.,The enzyme is no longer specific for acetaldehyde.,A,ori_mmlu-college_biology
A competitive inhibitor of an enzyme exerts its effect by,"irreversibly forming covalent links with the enzyme, effectively preventing the enzyme's dissociation from it",irreversibly modifying some of the amino acid residues that help to comprise the enzyme's active site,competing with the substrate molecule for the same enzyme but a different binding site than the substrate binding site,reversibly decreasing the number of enzyme molecules that are available to bind substrates,D,ori_mmlu-college_biology
The ability of the brain to detect differences in stimulus intensity is best explained by the fact that which of the following varies with the stimulus intensity?,The amplitude of the action potential,The threshold potential,The number of action potentials per second,The number of synapses crossed,C,ori_mmlu-college_biology
Proteins were shown to move about in a plane of the plasma membrane when mouse cellsurface proteins and human cell-surface proteins were observed to integrate along a fused mouse-human cell plasma membrane. Which of the following cell culture techniques was most likely employed in order to yield these results?,Producing a heterokaryon,Producing a hybrid cell,Isolating an immortal variant cell from culture and using it to create a cell line,Inserting a tumor-inducing virus into a normal cell to initiate transformation,A,ori_mmlu-college_biology
Gene flow between populations results in,an increase in genetic homogeneity in the metapopulation,an increase in the rate of deleterious mutations in the metapopulation,an increased likelihood of speciation,disruption of Hardy-Weinberg equilibrium in the metapopulation,A,ori_mmlu-college_biology
Mitochondria isolated and placed in a buffered solution with a low pH begin to manufacture ATP. Which of the following is the best explanation for the effect of low external pH?,"It increases the concentration of OH-, causing the mitochondria to pump H+ to the intermembrane space.",It increases the OH- concentration in the mitochondria matrix.,It increases the acid concentration in the mitochondria matrix.,It increases diffusion of H+ from the intermembrane space to the matrix.,D,ori_mmlu-college_biology
An organism belonging to the nekton is which one of the following?,Whale,Barnacle,Cyanobacterium,Protist,A,ori_mmlu-college_biology
A behavioral response called a fixed action pattern shown by animals,occurs the second time an animal is exposed to the correct stimulus at the appropriate time in its life,occurs in the absence of sensory feedback,is a motor response which once released may be terminated spontaneously,is triggered by a number of sensory signals in the animal's environment,B,ori_mmlu-college_biology
Which of the following adaptations would limit pollination by bees and promote hummingbird pollination?,Patterns of ultraviolet color on the petals,Modified petals to provide a landing space,Pendant (hanging) red-colored flowers,Nectar with high sugar concentration produced in limited amounts,C,ori_mmlu-college_biology
"Double fertilization is a unique feature of flowering plants. In this process, one sperm unites with the egg to yield a zygote. The second sperm unites with the polar nuclei to initiate the formation of the",megagametophyte,endodermis,embryo,endosperm,D,ori_mmlu-college_biology
Mutation of homeotic cluster genes often results in which of the following developmental defects in Drosophila?,Absence of a group of contiguous segments,Transformation of one segment into another,Polarity defects in every segment along the anterior-posterior axis,Tumor formation in imaginal discs,B,ori_mmlu-college_biology
Cellular uptake of cholesterol occurs through internalization of low density lipoproteincholesterol complexes. Cholesterol uptake involves all of the following EXCEPT,cell-surface receptors,adhesion plaques,endosome formation,receptor-mediated endocytosis,B,ori_mmlu-college_biology
Two xylem plant cell types that provide support and conduct water and minerals are the,collenchyma and sclerenchyma,sieve tube members and companion cells,tracheids and vessel elements,vessel elements and companion cells,C,ori_mmlu-college_biology
Keystone species are thought to have profound effects on the structure and composition of ecological communities because they,tend to reduce diversity by eliminating food resources for other species,provide the foundation for food webs,are more abundant than most other species in their communities,can prevent superior competitors from driving inferior competitors to local extinction,D,ori_mmlu-college_biology
"A quote from a natural resources text states: ""Whenever the original ecosystem becomes restructured by man, it tends to become simplified, with a resultant disruption of the stabilizing influences of density-dependent regulatory factors."" This implies that in a disturbed ecosystem",there exist large populations of a low number of species,population levels of a species are kept at equilibrium through natural regulatory mechanisms,a given prey organism is subject to higher predation rates by more diverse predators,a given prey organism is less likely to undergo a population surge,A,ori_mmlu-college_biology
"A female fruit fly bearing linked genes that produce the phenotype gray body and normal wings mates with a male fruit fly of phenotype black body and vestigial wings. The presence of gray-bodied, vestigialwinged flies among the progeny is best explained by",crossing over,independent assortment,segregation of alleles,penetrance,A,ori_mmlu-college_biology
Charles Darwin's proposed conditions for natural selection encompass all of the following with regard to a given population EXCEPT,"inheritance of both ""fit"" and ""unfit"" genes",differential survival and reproductive success,competition for limited resources,overproduction of offspring,A,ori_mmlu-college_biology
Which of the following is a correct statement about the cohesion-tension theory for the ascent of water in the xylem?,The evaporation of water from leaf mesophyll cells generates tension in the water column.,Water moves from a source region with high hydrostatic pressure to a sink region with low hydrostatic pressure.,The cohesion of water molecules is responsible for the formation of embolisms (air bubbles) in the water column.,Living cells of the xylem provide the main conduit for an ascent of water.,A,ori_mmlu-college_biology
Which of the following characteristics is predicted for an early-successional plant community?,High niche divergence among co-occurring species,High ratios of primary production to standing-crop biomass,High frequency of K-selected species,High detrital biomass,B,ori_mmlu-college_biology
Which of the following is the symplastic pathway for the movement of sucrose from the site of photosynthesis in mesophyll cells into the phloem?,"Fibers, phloem parenchyma, companion cell, sieve tube","Phloem parenchyma, fibers, bundle sheath, tracheids","Companion cells, phloem parenchyma, fibers, sieve tube","Bundle sheath, phloem parenchyma, companion cell, sieve tube",D,ori_mmlu-college_biology
